miRNA;12A;13A;4B;12B;4D;13D;15A;14B;15B;11C;11D;14D
mmu-miR-764-3p;14,45;25,09;11,79;16,18;11,94;9,54;9,76;3,32;6,3;6,59;6,71;4,45
mmu-miR-322-5p;125,73;146,67;115,96;131,34;97,71;103,96;96,2;82,93;68,3;65,89;94,88;96,05
mmu-miR-223-3p;44,8;43,42;35,38;105,65;32,57;22,89;27,88;19,9;13,66;22,59;18,21;24,01
mmu-miR-362-3p;197,26;192,99;139,55;149,43;148,74;141,15;96,2;96,2;63,04;103,54;137,04;131,63
mmu-miR-3085-3p;336,71;250,88;266,33;467,31;226,91;209,82;225,86;194,61;143,94;156,25;175,38;219,68
mmu-miR-30b-5p;9003,79;7411,64;6832,07;7319,97;5412,09;5236,04;4847,69;4507,01;3160,48;4963,17;4835,78;6119,81
mmu-miR-7a-1-3p;283,97;268,25;213,26;207,48;169,37;155,46;168,7;158,12;110,32;133,66;132,25;179,65
mmu-miR-532-5p;4332,46;4879,66;4919,64;4696,93;5722,59;6032,41;5693,98;6360,24;6634,07;7132,74;6547,38;5495,47
mmu-miR-15a-3p;54,91;34,74;33,41;40,93;30,4;32,43;30,67;19,9;17,86;15,06;25,88;30,24
mmu-miR-3071-3p;1765,93;1876,79;2053,95;1939,68;2144,21;2334,76;2569,54;2303,26;2529,02;2468,88;2514,68;2092,71
mmu-miR-7015-3p;57,8;40,53;65,84;55,2;72,74;62,95;86,44;86,25;68,3;95,07;72,83;80,93
mmu-miR-665-3p;495,67;411,06;348,88;285,53;314,85;285,17;249,56;202,35;203,83;193,9;261,63;353,08
mmu-miR-125b-1-3p;970,4;935,98;1117,39;1026,95;1028,13;1151,17;1118,16;1220,74;1276,59;1359,15;1239,13;1093,93
mmu-miR-205-5p;26,01;39,56;37,34;36,17;21,71;27,66;6,97;13,27;21,01;26,35;24,92;14,23
mmu-miR-324-3p;505,07;429,39;377,38;354,05;363,7;330,95;301,15;273,12;246,91;252,25;296,13;399,33
mmu-miR-671-5p;179,19;244,13;183,77;154,18;171,54;145,92;135,24;106,15;101,92;130,83;139,92;174,32
mmu-miR-1966-3p;12,28;8,68;7,86;8,57;15,2;8,58;20,91;19,9;26,27;14,12;16,29;11,56
mmu-miR-369-3p;12678;13426,05;12517,28;9409,08;8972,02;9267,5;8125,49;7061,28;6668,74;8203,87;8511,01;11160,8
mmu-miR-5617-3p;10,12;2,89;8,84;8,57;6,51;11,44;12,55;14,37;22,06;11,29;15,33;14,23
mmu-miR-425-5p;880,08;852,03;804,87;810,9;804,49;739,15;777,97;689,98;654,58;694,64;693,84;779,1
mmu-miR-339-5p;1308,55;1033,44;1029,92;894,65;942,37;857,41;851,87;790,61;534,8;743,58;739,84;965,86
mmu-miR-532-3p;250,73;220,97;247,65;148,47;158,51;149,74;149,18;145,96;98,77;132,72;138;174,32
mmu-miR-99b-3p;1059,99;901,25;1037,78;1163,05;1091,1;1165,47;1310,56;1190,89;1248,22;1260,32;1176,84;1176,65
mmu-miR-129-5p;571,54;425,53;555,25;501,58;609,06;677,16;814,22;760,75;667,19;711,58;738,88;544,3
mmu-miR-15b-5p;113,44;117,72;110,07;86,61;82,51;76,3;69,71;79,61;45,18;69,65;80,5;81,82
mmu-miR-107-3p;2177,79;2339,96;1987,12;1841,65;1464,58;1175,01;1420,71;1211,9;761,75;1089,96;1075,26;1857,91
mmu-miR-212-5p;8057,97;7194,53;7991,72;10113,38;9496,4;11067,21;13434,66;12636,44;10992,34;11261,03;10426,73;9319,79
mmu-miR-29b-3p;3840,4;4182,98;3577,21;3860,33;3103,95;3211,25;3082,61;2711,28;2564,74;3149,4;2926,77;3567,29
mmu-miR-673-3p;174,14;165;171;162,75;196,51;178,35;267,69;269,8;226,95;202,37;191,67;170,76
mmu-miR-301b-3p;15,9;20,26;12,78;16,18;15,2;15,26;12,55;4,42;9,46;13,18;7,67;8,89
mmu-miR-344h-3p;8,67;16,4;11,79;12,37;14,11;11,44;5,58;1,11;3,15;12,24;6,71;7,12
mmu-miR-384-3p;2462,48;2692,16;2416,58;2119,57;1933,59;1917,97;1988,15;1800,15;1607,56;1819,42;1975,14;2020,67
mmu-miR-3552;106,22;97,46;122,84;64,72;98,8;68,67;48,8;30,96;75,65;62,12;72,83;77,38
mmu-miR-29c-3p;2620,72;2813,74;2351,72;2304,21;1952,04;1978,06;1864,07;1601,12;1237,72;1794,95;1819,89;2387,98
mmu-miR-350-3p;339,6;252,81;313,5;228,42;153,08;151,64;115,72;178,02;88,26;186,37;175,38;185,88
mmu-miR-497a-5p;676,31;743,96;583,75;749,99;533,07;443,49;457,3;508,64;364,59;501,68;478,21;563,87
mmu-miR-30a-3p;5356,32;5208,7;5812,96;7083,94;6223,09;6781,1;7005,93;8110,63;6579,44;7673,95;6744,79;7004,74
mmu-miR-487b-3p;5119,32;5007,03;5399,23;4126,82;4202,65;4062,94;4062,74;3738,52;3983,17;3872,27;3844,86;4352,62
mmu-miR-296-5p;451,6;412,99;472,7;208,44;307,25;235,57;139,42;122,74;240,61;240,02;251,08;322,84
mmu-miR-674-3p;3711,06;2657,42;4032,22;3171,26;4195,05;4399,61;6137,34;7283,53;4762,79;4308,07;4110,32;3735,39
mmu-miR-324-5p;349;316,5;299,74;335,02;229,08;218,41;256,54;187,98;142,89;227,78;201,25;275,71
mmu-miR-1198-5p;2322,3;1783,19;2353,69;2113,85;2795,61;2851,69;2955,74;3065,12;2752,81;2913,15;2839,56;2716,16
mmu-miR-409-3p;6526,87;5777,04;6791,78;6024,63;6958,09;7672,85;8514,48;6897,63;8597,82;7817,96;8010,76;6793,96
mmu-miR-770-5p;2409,73;2695,05;2510,93;1794,06;1979,19;1749,16;1553,16;981,9;2019,43;1716,83;1529,51;1940,62
mmu-miR-434-5p;25689,1;24749,52;25669,42;25520,44;25602,39;29091,01;34108,09;30518,53;27231,84;30404,02;30501,07;25657,66
mmu-miR-5106;134,4;102,28;66,83;152,28;97,71;77,25;110,14;154,8;2438,66;124,24;81,46;57,81
mmu-miR-29a-3p;222741,48;212377,49;213849,25;185632,83;184507,24;179315,75;186204,48;166505,09;140490,18;163520,2;159583,66;199377,19
hsa-miR-4443;946,55;484,4;943,44;683,36;808,83;903,19;949,46;2449,22;2473,33;639,1;968,88;780,87
mmu-miR-153-5p;301,31;300,09;307,6;307,42;311,59;338,58;425,24;327,3;360,39;331,32;373,75;334,41
mmu-miR-342-3p;4091,12;3299,1;3561,48;3377,79;2343,97;2287,07;2342,28;2389,51;1867,08;2611,95;2413,1;2942,95
mmu-miR-874-3p;2406,12;2037,93;2322,24;1814,05;2018,27;1982,83;1958,87;1907,41;1696,87;1606,7;1805,51;1919,28
mmu-miR-154-3p;398,13;435,18;352,81;317,89;293,13;297,57;228,65;195,72;171,26;234,37;282,71;402,89
mmu-miR-361-5p;3322,32;3234,45;2918,77;2750,58;2454,71;2358,6;2325,55;1917,36;1791,43;2311,69;2143,81;3063,02
mmu-miR-1981-5p;763,02;1152,13;1082,01;1381,95;1391,84;1522,17;1521,09;1398,77;1918,56;1754,48;1728,84;1244,24
mmu-miR-100-5p;45517,54;48483,93;52993,79;44734,54;60306;64671,28;50950,22;78417,13;66777,8;77063,3;66180,05;55420,7
mmu-miR-1839-3p;255,06;220,97;233,89;206,53;155,25;149,74;172,88;138,22;111,37;174,13;168,67;172,54
mmu-miR-679-5p;39,74;31,84;26,53;36,17;39,08;42,92;69,71;36,49;44,13;47,06;48,88;48,03
mmu-miR-192-5p;1901,05;2194,25;2035,27;2486,94;2449,28;2629,46;2232,14;2924,69;2760,17;3231,29;2821,35;2431,56
mmu-miR-103-3p;21482,37;23457,48;18222,14;20000,25;15680,41;15146,36;15429,79;12625,38;10113,96;13939,8;15669,81;20076,82
mmu-miR-149-3p;7,23;1,93;8,84;5,71;5,43;3,81;6,97;11,06;11,56;14,12;7,67;8,89
mmu-miR-190a-5p;164,02;191,06;167,07;167,51;159,59;145,92;121,3;107,26;68,3;155,31;108,29;176,1
mmu-miR-99b-5p;23807,56;20985,32;25481,71;27212,67;28378,46;28896,45;28943,92;34034,79;30874,6;31494,92;28777,98;26039,21
mmu-miR-27b-5p;80,93;110,97;101,22;100,89;110,74;118,26;105,96;137,11;108,22;147,78;125,54;135,19
mmu-miR-544-5p;46,24;66,58;45,21;40,93;40,17;37,2;34,86;14,37;29,42;33,88;33,54;44,47
mmu-miR-383-5p;10550,79;9051,05;9795,06;9932,55;11293,19;12143,99;12493,57;12034,91;10690,79;12672,89;11842,2;11605,49
mmu-miR-30e-3p;5276,84;5376,6;5965,29;4366,67;4740,06;4804,95;5600,56;7412,91;6283,14;6262,09;4852,07;5926,81
mmu-miR-7224-3p;122,83;92,63;125,79;95,18;128,11;122,08;131,06;191,29;137,64;159,07;121,71;123,62
mmu-miR-137-3p;9335,45;9876,07;8093,93;7871,99;6114,52;6818,3;7322,42;4160,91;4194,36;5551,45;6687,29;8054,21
mmu-miR-129-2-3p;8537,74;5379,49;6523,49;4812,09;3173,43;3155,93;3583,13;3509,63;2067,76;3797,91;3812,27;4626,54
mmu-miR-1964-3p;88,87;62,72;105,15;75,19;134,62;135,43;128,27;197,93;133,44;136,48;112,13;123,62
mmu-miR-124-3p;92073,39;88013,3;84069,31;85837,17;75430,54;74172,45;83489,82;67257,96;57667,25;70582,84;65626,13;81205,54
mmu-miR-370-5p;2445,14;2703,74;2704,53;2372,73;2750,02;2870,76;2855,35;2832,92;3188,85;3064,69;3012,06;2674,36
mmu-miR-145a-5p;2393,11;1999,34;3015,08;7664,51;2140,95;1679,54;1519,7;2008,03;1614,91;2200,63;1953,1;2309,71
mmu-miR-3072-3p;197,26;110,97;188,69;115,16;98,8;103;96,2;107,26;55,69;93,18;108,29;114,73
mmu-miR-543-3p;11784,2;10558,28;12848,47;9075,97;14318,97;14713,37;16122,71;14381,3;16970,78;13864,5;13846,09;13547
mmu-miR-544-3p;67,92;68,51;59,95;39,97;36,91;48,64;36,25;24,33;35,72;42,36;34,5;55,14
mmu-miR-211-5p;19,51;63,69;226,03;136,1;20,63;92,51;27,88;58,6;79,85;42,36;19,17;23,12
mmu-miR-541-5p;22264,9;27062,46;24236,57;28821,14;27252,62;30867,83;32370,9;25014,13;33650,52;34506,9;34307,6;28789,16
mmu-miR-146b-5p;6687,27;8083,23;7381,43;8208,91;8319,53;9716,72;8678,99;8216,78;9981,58;11150,9;10263,82;8675,88
mmu-miR-574-3p;193,65;143,77;191,64;150,38;104,22;104,91;101,78;137,11;70,4;101,65;113,08;130,74
mmu-miR-501-3p;882,97;921,51;1076,11;846,11;1074,82;1013,83;963,4;1256,12;1300,76;1217,03;1045,55;1012,11
mmu-miR-30d-5p;100354,62;90649,49;103316,46;108004,57;115411,61;121053,6;127958,33;136476,41;113436,95;124113,19;119988,9;106985,05
mmu-miR-876-5p;25,29;16,4;16,71;17,13;18,46;14,31;18,12;9,95;10,51;7,53;11,5;15,12
mmu-miR-7b-3p;35,41;21,23;29,48;24,75;20,63;29,57;26,49;15,48;12,61;19,77;19,17;21,35
mmu-miR-23a-3p;5575,98;5089,05;5456,23;5399,32;4041,97;4031,46;4515,86;4648,55;2762,27;3745,2;3687,69;4526,93
mmu-miR-664-3p;1658,27;1128,97;1392,56;1155,43;933,68;908,92;911,82;954,26;666,14;985,48;996,67;1101,94
mmu-miR-122-5p;98,99;101,32;85,5;87,56;110,74;124,94;100,38;100,62;137,64;153,42;150,46;116,51
mmu-miR-326-3p;1776,77;1271,78;1525,23;1188,75;960,82;888,89;1084,7;1039,4;741,79;952,54;966,01;1117,06
mmu-miR-6540-3p;23,12;18,33;27,52;17,13;15,2;21,94;15,34;12,16;16,81;15,06;13,42;13,34
mmu-let-7a-2-3p;15,17;20,26;24,57;16,18;17,37;12,4;12,55;8,85;9,46;14,12;14,38;10,67
mmu-miR-376b-3p;7107,8;6996,72;6387,87;5366,96;5449;5634,7;6045,32;4587,73;4443,38;4948,11;5236,37;6008,64
mmu-miR-194-5p;1777,49;1989,69;1694,26;1816,91;1385,32;1335,24;1501,57;1331,32;1074,86;1435,39;1348,38;1613,33
mmu-miR-99a-5p;144809,28;124377,7;165665,04;130990,48;174444,12;181561,81;195339,38;208981,13;183614,8;182553,06;179571,74;146705,56
mmu-miR-126b-5p;143,07;137,99;143,48;182,74;151,99;185,98;182,64;190,19;201,73;196,72;190,71;154,75
mmu-miR-344-5p;6,5;10,61;4,91;5,71;7,6;7,63;2,79;1,11;3,15;3,76;4,79;6,23
mmu-miR-154-5p;1407,54;1302,66;1228,44;1132,59;1020,53;952,79;1137,68;838,15;706,07;1014,66;972,71;1105,5
mmu-miR-325-5p;859,84;995,81;854,01;1161,15;989,05;1093,94;1097,25;1117,91;1102,18;1282,91;1232,42;1022,78
mmu-miR-935;505,07;339,66;504,15;334,07;297,47;289,94;354,13;302,97;242,71;291,79;306,67;296,16
mmu-miR-195a-5p;625,74;860,72;720,36;943,19;703,52;645,68;520,04;760,75;513,79;646,63;634,42;638,57
mmu-miR-101a-5p;24,57;28,95;28,5;24,75;16,29;28,61;15,34;14,37;14,71;18,82;15,33;27,57
mmu-miR-150-5p;2948,04;2662,25;2845,06;3026,59;2675,1;2622,79;2600,21;2778,73;2120,3;2502,76;2338,35;2673,47
mmu-miR-592-5p;1154,65;1308,45;1541,93;1125,93;1491,72;1681,45;1659,12;1996,97;1441,55;1725,3;1781,55;1371,42
mmu-miR-30b-3p;190,76;230,62;208,34;262,69;213,88;259,42;220,29;264,27;282,64;275,78;283,67;258,81
mmu-miR-582-5p;317,2;264,39;252,57;252,22;200,85;231,76;257,93;226,68;109,27;175,07;194,54;213,45
mmu-miR-598-3p;9349,18;10515,82;10383,73;7480,82;12004,31;11980,9;11106,32;11752,95;13449,91;12888,44;11887,24;11594,82
mmu-miR-664-5p;151,74;154,39;156,26;171,32;149,82;170,72;188,22;199,03;206,99;192,01;155,25;162,76
mmu-miR-3475-3p;182,81;183,34;201,46;200,82;178,05;177,4;242,59;202,35;204,89;227,78;210,83;191,22
mmu-miR-23b-5p;13,73;19,3;16,71;17,13;17,37;20,03;16,73;23,22;22,06;23,53;23,96;31,13
mmu-miR-128-3p;1155759,56;801467,96;1139416,53;1046683,73;1187629,85;1295992,2;1711820,84;1722453,39;1255929,36;1190730,26;1205368,78;1082661,13
mmu-miR-17-5p;800,59;899,32;627,98;676,7;566,72;524,56;421,05;387,01;345,68;597,69;582,67;755,08
mmu-miR-7006-3p;9,39;9,65;11,79;12,37;6,51;13,35;5,58;6,63;8,41;6,59;6,71;5,34
mmu-miR-130b-5p;289,75;231,58;399;308,37;377,81;442,54;493,55;486,53;507,48;357,67;387,17;353,08
mmu-miR-3059-5p;763,74;547,12;722,32;584,38;571,07;528,37;665,04;592,68;438,14;407,56;459,04;481,15
mmu-miR-7226-3p;17,34;23,16;30,47;19,99;21,71;22,89;34,86;27,64;30,47;26,35;43,13;22,23
mmu-miR-16-1-3p;244,22;259,57;279,1;274,11;306,16;321,41;264,9;384,8;264,77;410,38;371,84;321,07
mmu-miR-667-3p;1485,58;1030,55;1372,9;838,5;830,54;745,83;743,12;977,48;668,24;807,59;822,26;902,72
mmu-miR-184-3p;247,11;169,83;244,7;418,77;258,39;341,44;810,04;403,6;272,13;350,14;427,42;230,35
mmu-miR-485-5p;2700,2;2036,97;2977,73;1908,28;2678,36;2549,35;3407,46;3474,25;3471,49;2609,12;2636,39;2421,78
mmu-miR-128-2-5p;188,59;136,06;229,96;194,16;203,02;258,46;246,78;305,19;258,47;221,19;246,29;209
mmu-miR-342-5p;252,9;226,76;213,26;257,93;265,99;302,34;349,95;232,21;332,02;287,08;297,09;290,83
mmu-miR-7220-5p;7,23;7,72;8,84;12,37;15,2;12,4;13,94;15,48;23,12;18,82;14,38;9,78
mmu-miR-483-3p;13,73;4,82;15,72;38,07;7,6;4,77;12,55;5,53;6,3;1,88;6,71;8
mmu-miR-33-5p;509,4;488,26;368,53;421,63;352,84;366,24;366,68;341,67;212,24;335,08;374,71;397,55
mmu-miR-361-3p;5404,01;4512,02;5370,73;5158,53;6051,55;6262,26;6923,68;6307,16;5735,73;6142,55;6265,62;5648,44
mmu-miR-539-3p;14,45;18,33;11,79;14,28;15,2;23,84;11,15;4,42;8,41;12,24;11,5;16,01
mmu-miR-151-3p;9531,98;6464,07;10273,66;6647,08;11180,28;10372,89;11746,27;18740,14;11393,71;10778,17;9785,6;8776,38
mmu-miR-381-3p;18594,31;17492,27;17391,72;19369,23;20193,56;19307,54;21678,66;18897,16;18988,11;22940,91;20380,05;20201,33
mmu-miR-872-3p;1273,87;1213,88;1090,85;944,14;1059,62;1019,55;879,75;833,73;793,27;950,66;926,71;1233,57
mmu-miR-1947-5p;14,45;14,47;21,62;19,99;22,8;20,03;19,52;28,75;21,01;27,3;34,5;21,35
mmu-miR-29b-1-5p;45,52;60,79;37,34;43,78;43,43;39,1;33,46;26,54;25,22;34,83;42,17;44,47
mmu-miR-3102-3p;513,02;348,34;468,77;372,14;287,7;244,16;302,54;305,19;256,37;336,02;284,63;297,05
mmu-miR-379-5p;16644,84;21567,18;17834,94;24332,65;20777,65;25662,31;25253,43;19952,04;24516,86;29948,46;28695,56;22974,41
mmu-miR-15a-5p;191,48;281,76;178,86;177,03;140,05;185,03;128,27;145,96;112,42;150,6;159,08;208,11
mmu-miR-3086-5p;41,91;39,56;44,22;40,93;32,57;25,75;44,61;43,12;51,48;47,06;47,92;47,14
mmu-miR-212-3p;1829,52;1532,31;1398,45;1854,98;1002,08;957,56;1332,87;1044,93;732,33;1167,14;1043,63;1303,83
mmu-miR-674-5p;476,17;514,31;469,75;504,43;459,24;448,26;448,94;393,64;284,74;399,09;384,29;523,84
mmu-miR-3963;792,65;847,21;974,89;866,1;969,51;985,21;966,19;1563,52;1276,59;979,83;882,63;916,06
mmu-let-7f-5p;176733,33;223236,82;219413,58;236287,3;243066,39;285395,61;234752,47;249208,08;279261,42;292256,77;278539,46;261975,17
mmu-miR-135a-5p;6908,38;8559,9;5811,98;8010;4890,97;5148,3;6774,49;3284,06;3735,21;4460,55;5610,12;6288,79
mmu-let-7g-5p;187349,87;227587,7;223241,39;231974,89;245689,38;280033,68;237667,77;252410,32;274868,48;286454,95;270913;256001,22
mmu-miR-214-3p;7,23;2,89;2,95;14,28;10,86;5,72;5,58;5,53;1,05;1,88;0,96;6,23
mmu-miR-127-3p;361420,58;294207,51;358638,72;309742,1;341861,74;355141,75;410811,24;375578;367491,21;370647,22;368621,46;330978,45
mmu-miR-496a-3p;830,22;649,4;770,48;623,4;527,64;592,27;566,05;578,3;469,66;572,28;553,92;663,48
mmu-miR-503-5p;51,3;47,28;61,91;46,64;35,83;60,09;50,19;32,07;30,47;40,47;47,92;39,13
mmu-miR-345-5p;282,52;259,57;226,03;255,07;159,59;137,34;174,28;130,48;93,51;189,19;190,71;212,56
mmu-miR-27a-5p;54,91;41,49;69,78;78,04;53,2;83,93;68,32;95,09;66,19;82,83;108,29;69,37
mmu-miR-668-5p;10,84;10,61;7,86;10,47;6,51;8,58;16,73;21,01;18,91;12,24;7,67;8,89
mmu-miR-124-5p;2836,76;2551,28;2493,24;2988,52;2203,92;2531,23;2480,31;1978,18;1787,23;2239,22;2553,97;2507,16
mmu-miR-500-3p;70,81;82,98;70,76;88,51;60,8;57,22;50,19;48,65;39,93;75,3;58,46;68,48
mmu-miR-380-3p;1263,03;1417,48;1257,92;1193,5;1182,3;1199,81;1238,06;845,89;1111,63;1121,02;1113,59;1222,89
mmu-miR-671-3p;789,76;564,48;821,58;587,23;953,22;931,81;1100,04;1269,39;1005,51;827,35;851,01;723,95
mmu-miR-1843b-3p;744,23;572,2;876,61;576,77;967,34;919,41;1168,35;1279,35;1133,7;755,82;855,8;710,61
mmu-miR-8103;20,95;36,67;26,53;17,13;55,37;31,47;26,49;87,35;67,24;49,89;32,58;26,68
mmu-miR-29b-2-5p;486,28;534,57;401,94;456,84;369,13;396,76;415,48;277,54;314,16;375,56;369,92;466,92
mmu-miR-130a-3p;112,72;163,07;113,02;140,86;81,43;91,56;111,54;48,65;74,6;80,95;110,21;106,73
mmu-miR-96-5p;29,62;19,3;30,47;248,41;7,6;16,21;29,28;11,06;6,3;51,77;31,63;14,23
mmu-miR-185-5p;14917,21;17991,14;14591,87;15715,43;12515,66;13352,38;13030,34;11354,88;10887,27;12903,5;13658,25;15633,49
mmu-miR-136-5p;1619,25;1869,07;1534,07;1627,51;1479,78;1404,86;1631,23;1299,25;1105,33;1439,16;1441,34;1473,7
mmu-miR-666-3p;49,86;42,46;45,21;45,68;30,4;30,52;33,46;22,11;29,42;36,71;20,13;43,58
mmu-let-7i-3p;388,74;348,34;296,79;343,58;276,85;296,61;292,79;276,44;189,12;268,25;254,92;353,97
mmu-miR-376a-5p;573,71;676,42;529,7;572,96;531,98;544,59;536,77;443,4;481,22;542,16;546,25;530,96
mmu-miR-410-3p;6802,88;8348,58;6851,73;6851,71;6631,3;6706,71;5454,17;4558,98;5579,18;6820,24;6729,46;7287,56
mmu-miR-491-5p;125,73;116,76;114;78,04;79,25;78,21;86,44;54,18;56,74;74,36;84,33;106,73
mmu-miR-331-3p;1092,51;811,51;962,11;803,28;825,11;781,11;895,09;828,2;626,21;708,76;741,75;788,88
mmu-miR-17-3p;27,46;28,95;17,69;29,5;20,63;25,75;15,34;9,95;8,41;21,65;25,88;24,01
mmu-miR-764-5p;36,13;26,05;21,62;36,17;14,11;30,52;22,31;9,95;18,91;17,88;31,63;15,12
mmu-miR-203-3p;1182,1;1302,66;1272,66;1611,33;1463,49;1895,08;1516,91;1931,73;1541,37;1810,01;2070,01;1440,79
mmu-miR-362-5p;307,09;362,81;292,86;293,14;271,42;279,45;257,93;224,47;191,23;271,08;272,17;324,62
mmu-miR-411-5p;14258,96;15395,48;14372,71;15577,43;15770,52;17434,39;17056,84;16252,22;14887,26;18796,62;17810,74;16730,98
mmu-miR-337-5p;5492,16;5273,35;5320,61;5527,81;5790,99;6558,88;6481,71;5731,07;5516,13;6591,52;6248,37;6748,6
mmu-miR-1843b-5p;178,47;186,23;198,52;222,71;234,51;229,85;290;247,69;218,54;259,78;240,54;191,22
mmu-miR-99a-3p;176,3;145,7;151,34;133,25;106,4;118,26;107,35;90,67;86,16;102,6;128,42;157,42
mmu-miR-381-5p;54,91;36,67;43,24;42,83;29,31;41,96;39,04;28,75;27,32;26,35;24,92;47,14
mmu-let-7i-5p;122696,84;146045,23;140470,29;177446,75;159927,55;192088,25;166275,56;158424,32;177320,1;208617,95;200558,42;171946,11
mmu-miR-6988-3p;81,65;69,48;79,6;59,01;95,54;100,14;111,54;120,53;112,42;94,12;77,63;79,15
mmu-miR-5132-5p;8,67;13,51;7,86;7,61;7,6;11,44;9,76;13,27;17,86;13,18;10,54;16,01
mmu-miR-411-3p;4239,25;4002,53;4799,75;3716,62;4898,57;5256,07;5861,28;5574,05;4665,07;4759,86;4889,45;4717,26
mmu-miR-181c-5p;1320,84;1390,47;1193,06;1398,13;1100,87;1093,94;1176,72;1130,07;933,01;1116,31;1199,84;1150,86
mmu-miR-148b-3p;8360,72;8785,7;8798,56;9702,22;10369,28;11354,29;10138,74;10041,26;10046,72;11862,48;11435,87;10345,24
mmu-miR-501-5p;41,91;49,21;31,45;25,7;28,23;33,38;26,49;24,33;24,17;25,41;14,38;40,91
mmu-miR-203-5p;5,06;7,72;4,91;6,66;6,51;3,81;13,94;9,95;9,46;11,29;3,83;7,12
mmu-miR-26a-1-3p;9,39;7,72;15,72;9,52;15,2;14,31;2,79;5,53;6,3;10,35;14,38;5,34
mmu-miR-467d-3p;15,17;10,61;10,81;9,52;7,6;1,91;9,76;3,32;5,25;3,76;5,75;6,23
mmu-miR-551b-3p;151,74;145,7;122,84;186,54;116,17;104,91;167,31;110,57;66,19;105,42;98,71;106,73
mmu-miR-153-3p;2314,35;2667,07;2127,65;2341,33;2024,78;1943,72;2035,55;1408,72;1348,04;2051,91;1956,93;2441,34
mmu-miR-543-5p;57,08;50,18;66,83;53,3;61,88;42,92;51,59;46,44;40,98;36,71;40,25;56,92
mmu-miR-106b-5p;505,79;674,49;484,5;495,87;401,7;471,15;376,44;374,85;255,32;455,56;461,92;546,97
mmu-miR-3095-3p;8,67;17,37;7,86;9,52;16,29;11,44;9,76;28,75;15,76;15,06;13,42;18,68
mmu-miR-700-5p;238,44;204,57;231,93;210,34;233,42;216,5;133,84;202,35;147,1;224,96;223,29;204,56
mmu-miR-300-3p;38915,52;35972,63;39190,09;36093,53;40843,1;41842,53;46352,1;40140,71;37942,6;43716,95;43364,86;40101,16
mmu-miR-6516-5p;62,86;62,72;68,79;91,37;86,85;98,24;90,62;108,36;97,71;93,18;90,08;79,15
mmu-miR-1306-3p;24,57;20,26;21,62;19,99;19,54;20,98;32,07;33,17;17,86;26,35;24,92;29,35
mmu-miR-380-5p;860,57;1027,65;920,84;1003,15;896,77;973,77;1037,3;838,15;1154,71;1199,14;1252,55;939,18
mmu-let-7g-3p;28,9;18,33;20,64;19,04;14,11;17,17;23,7;16,59;12,61;7,53;12,46;15,12
mmu-miR-6982-3p;30,35;26,05;22,6;20,94;23,88;21,94;16,73;25,43;14,71;11,29;23;20,46
mmu-miR-129-1-3p;1375,03;834,67;1106,58;1104,99;679,63;707,68;678,98;1001,8;437,09;769;691,92;946,3
mmu-miR-3078-3p;8,67;6,75;12,78;12,37;9,77;5,72;9,76;5,53;6,3;4,71;3,83;7,12
mmu-miR-708-5p;7813,74;8266,57;6510,72;8968,42;6446,74;6587,49;6933,43;4676,19;3971,62;6428,69;6582,83;8162,71
mmu-miR-494-3p;219,66;240,27;224,07;205,58;209,54;218,41;209,13;199,03;128,18;153,42;180,17;249,03
mmu-miR-181a-2-3p;153,18;137,99;159,21;143,72;171,54;194,56;158,94;223,36;198,58;174,13;199,33;152,08
mmu-miR-143-5p;295,53;271,15;438,31;1209,68;243,19;199,33;199,37;354,94;243,76;307,79;279,84;359,31
mmu-miR-344d-3p;1148,14;1552,57;1374,87;1556,12;1705,6;1908,44;1468,11;1481,7;2002,62;1946,49;1930,1;1901,49
mmu-miR-221-5p;1948,74;2221,27;2101,12;2350,84;2288,6;2645,68;2495,65;2362,97;2260,04;2573,36;2630,64;2497,37
mmu-miR-300-5p;97,55;96,49;85,5;77,09;64,05;69,62;65,53;48,65;45,18;75,3;72,83;89,83
mmu-let-7k;4,34;4,82;8,84;8,57;8,69;9,54;13,94;11,06;12,61;4,71;10,54;13,34
mmu-miR-30c-2-3p;890,91;770,02;837,3;1082,15;908,71;912,73;939,7;1083,63;946,67;1057,02;933,42;995,21
mmu-miR-493-3p;21,68;27,02;27,52;24,75;23,88;21,94;37,64;35,38;28,37;23,53;41,21;21,35
mmu-miR-7066-3p;10,12;7,72;7,86;6,66;9,77;10,49;2,79;8,85;5,25;3,76;5,75;8
mmu-miR-3097-5p;12,28;9,65;6,88;9,52;9,77;6,68;2,79;6,63;4,2;7,53;8,63;6,23
mmu-miR-193b-5p;11,56;15,44;9,83;14,28;17,37;17,17;2,79;12,16;7,35;13,18;8,63;14,23
mmu-miR-3074-1-3p;10,12;6,75;11,79;2,86;10,86;6,68;1,39;5,53;3,15;3,76;10,54;4,45
mmu-miR-7080-3p;80,2;63,69;94,34;76,14;66,23;38,15;59,95;47,55;76,7;51,77;42,17;54,25
mmu-miR-6976-3p;9,39;8,68;5,9;6,66;9,77;8,58;5,58;3,32;3,15;8,47;0,96;8,89
mmu-miR-140-5p;2186,46;2482,77;2230,84;2719,17;2139,87;2046,73;2280,94;1813,42;1580,24;2242,98;2118,89;2200,32
mmu-miR-5119;10,84;12,54;5,9;5,71;9,77;11,44;11,15;27,64;26,27;6,59;6,71;10,67
mmu-miR-93-5p;2734,88;3073,31;2464,74;2313,72;2210,43;2295,66;1956,08;1931,73;1572,89;2459,47;2254,01;2794,43
mmu-miR-7115-5p;4,34;1,93;4,91;5,71;6,51;7,63;9,76;14,37;12,61;8,47;2,88;3,56
mmu-let-7j;65,75;93,6;75,67;106,6;100,97;102,05;83,65;136,01;100,87;109,18;105,42;104,95
mmu-miR-195a-3p;136,56;129,3;173,95;170,36;173,71;199,33;179,85;267,59;174,41;200,48;189,75;149,42
mmu-miR-141-3p;2,89;1,93;1,97;42,83;3,26;5,72;5,58;1,11;2,1;7,53;5,75;2,67
mmu-miR-378a-5p;117,78;87,81;85,5;123,73;125,94;107,77;76,68;91,78;61,99;117,66;72,83;112,06
mmu-miR-376a-3p;147,4;147,63;117,93;130,39;109,65;110,63;114,33;84,04;77,75;115,77;129,38;126,29
mmu-miR-18a-5p;25,29;27,02;17,69;24,75;23,88;16,21;13,94;8,85;12,61;24,47;14,38;24,9
mmu-miR-1983;1239,19;1010,28;1060,39;1043,13;974,94;978,54;1061;1010,65;817,44;947,83;911,38;1005,89
mmu-miR-423-5p;609,12;710,19;689,89;707,16;887;929,9;577,21;918,87;1020,22;989,25;924,8;875,15
hsa-miR-4454;7,23;22,19;5,9;14,28;1,09;1,91;2,79;1,11;5,25;4,71;4,79;8
mmu-miR-1843a-5p;302,75;298,16;266,33;356,91;324,62;339,53;405,72;318,45;321,51;396,26;338,29;323,73
mmu-miR-5099;610,56;489,22;646,65;658,62;654,66;802,1;595,33;753,01;832,15;818,88;807,88;615,45
mmu-miR-708-3p;4388,82;4349,91;4076,45;5934,21;4503,38;4927,98;5854,31;4868,59;4319,4;6140,67;5637,91;4982,3
mmu-miR-503-3p;63,59;68,51;71,74;91,37;66,23;87,74;62,74;72,98;57,79;64;71,88;56,03
mmu-miR-20a-5p;1650,32;1918,28;1260,87;1340,08;1146,47;1183,59;818,4;849,21;735,48;1364,8;1297,59;1712,94
mmu-miR-3097-3p;18,79;16,4;20,64;20,94;19,54;17,17;19,52;15,48;14,71;14,12;12,46;13,34
mmu-miR-872-5p;3326,66;4431,93;3680,4;4157,28;3974,66;4382,44;4419,66;3852,41;3942,2;5019,65;4847,28;4411,31
mmu-miR-125a-3p;239,89;273,08;268,29;260,78;285,53;225,08;310,91;319,56;280,53;242,84;302,84;263,26
mmu-let-7a-5p;73970,42;98424,91;85373,42;96912,78;104625,43;122323,03;98424,66;95942,06;119288,26;117778,63;110141;115564,88
mmu-miR-1193-3p;203,04;195,88;217,19;147,52;194,34;184,07;164,52;160,33;152,35;151,54;182,08;200,11
mmu-miR-134-3p;80,93;75,26;65,84;62,82;51,03;78,21;69,71;45,34;54,64;61,18;64,21;60,48
mmu-miR-219a-2-3p;4523,94;9525,8;6282,72;4122,06;9910,04;9777,75;2604,39;12236,16;10846,3;16393,62;10299,27;10077,54
mmu-miR-540-5p;178,47;176,58;130,71;156,09;149,82;134,48;135,24;91,78;100,87;171,31;120,75;160,98
mmu-miR-744-5p;17558,16;13244,65;18860,93;11707,58;17756,22;17798,72;19220,66;24607,22;20103,95;15887,23;17493,53;15558,78
mmu-miR-3069-5p;7,23;7,72;2,95;9,52;5,43;8,58;5,58;3,32;2,1;6,59;3,83;5,34
mmu-miR-20b-5p;19,51;17,37;21,62;27,6;13,03;13,35;20,91;9,95;7,35;7,53;21,08;15,12
mmu-miR-338-5p;2278,95;3692,79;3040,63;1828,33;3983,34;4073,43;1785,99;5266,66;4325,7;5285,08;3865,94;3931,05
mmu-let-7c-1-3p;76,59;79,12;121,86;74,24;90,11;126,85;104,57;124,95;118,73;112,01;118,83;91,61
mmu-miR-337-3p;29,62;32,81;28,5;30,46;29,31;28,61;19,52;24,33;24,17;22,59;16,29;36,46
bta-miR-2478;13,01;42,46;16,71;20,94;15,2;10,49;23,7;24,33;24,17;35,77;29,71;24,01
mmu-miR-100-3p;18,79;27,98;25,55;19,04;28,23;28,61;26,49;37,6;23,12;38,59;25,88;30,24
mmu-miR-365-3p;961,72;644,57;877,6;542,5;592,78;584,64;308,12;714,31;325,71;628,75;532,84;785,32
mmu-miR-146a-5p;4807,18;4640,35;5475,88;5794,3;4544,64;5283,73;5964,45;5467,9;5054,88;5448,85;5863,12;5256,22
mmu-miR-429-3p;47,69;49,21;63,88;729,05;69,48;82,02;114,33;112,79;81,95;128,01;87,21;53,36
mmu-miR-423-3p;3786,2;3008,66;4163,91;3156,98;4515,32;4219,35;4221,69;5550,83;4439,18;4063,34;3836,23;3871,46
mmu-miR-31-5p;838,17;977,48;872,68;670,04;726,32;705,77;765,42;631,38;486,47;728,52;623,88;897,38
mmu-miR-133a-5p;7,23;9,65;11,79;26,65;3,26;9,54;4,18;5,53;7,35;5,65;9,58;10,67
mmu-miR-19b-3p;445,1;517,2;410,79;447,33;369,13;418,69;278,84;372,64;282,64;457,44;452,34;411,78
mmu-miR-412-5p;494,95;573,17;558,2;589,14;548,27;669,53;610,67;494,27;728,13;706,87;682,34;600,33
mmu-miR-206-3p;16,62;17,37;8,84;18,08;43,43;35,29;9,76;13,27;40,98;63,06;29,71;60,48
mmu-miR-6952-3p;24,57;18,33;36,36;22,84;22,8;27,66;36,25;47,55;24,17;26,35;30,67;27,57
mmu-miR-382-5p;9815,23;11941,99;10602,88;10511,22;10191,23;11858,82;11622,18;9633,24;13343,79;12302,04;12452,66;11472,98
mmu-miR-505-3p;50,58;55,97;46,19;38,07;51,03;39,1;33,46;30,96;19,96;37,65;40,25;60,48
mmu-miR-376b-5p;1344,68;1506,26;1245,14;1337,22;1021,62;1081,54;1228,3;984,11;987,65;1163,38;1072,38;1300,27
mmu-miR-7a-2-3p;166,19;183,34;209,33;108,5;144,39;129,71;136,63;47,55;156,55;107,3;141,83;148,53
mmu-miR-217-5p;20,23;69,48;50,12;39,97;67,31;58,18;46,01;23,22;157,6;78,12;95,83;45,36
mmu-miR-136-3p;12347,07;11336,98;10659,88;10702,52;10181,46;10370,98;11109,11;9618,86;8088,23;10219,07;10451,65;10811,28
mmu-miR-335-5p;2534,01;3569,28;2681,92;2518,35;2499,22;2654,26;2759,15;2052,26;2328,33;2419,93;2528,1;2708,16
mmu-miR-3060-3p;57,8;38,6;56,02;49,49;47,77;60,09;36,25;45,34;29,42;47,06;51,75;49,81
mmu-miR-320-3p;3573,77;3894,46;3989,96;3332,11;4554,41;4390,07;3163,48;5063,2;4534,79;4721,27;4476,4;4703,03
mmu-miR-33-3p;29,62;13,51;10,81;11,42;19,54;11,44;11,15;8,85;5,25;14,12;15,33;14,23
mmu-miR-6928-3p;37,57;41,49;44,22;20,94;49,94;54,36;50,19;59,71;56,74;43,3;44,08;48,03
mmu-miR-29a-5p;80,93;103,25;67,81;121,83;65,14;72,48;79,47;37,6;45,18;75,3;85,29;85,38
mmu-miR-3470a;7,23;10,61;6,88;17,13;10,86;8,58;13,94;13,27;18,91;15,06;10,54;10,67
mmu-miR-25-5p;36,85;27,98;34,4;28,55;30,4;38,15;41,83;42,02;35,72;36,71;36,42;40,02
mmu-miR-433-5p;343,22;415,89;443,22;342,63;224,73;345,25;182,64;201,25;359,34;300,26;397,71;292,61
mmu-miR-592-3p;7,95;9,65;7,86;5,71;2,17;8,58;0;8,85;2,1;8,47;1,92;3,56
mmu-miR-702-3p;189,31;143,77;228,98;134,2;157,42;111,59;150,58;155,91;128,18;125,19;121,71;144,08
mmu-miR-216a-3p;1,45;4,82;3,93;4,76;5,43;5,72;6,97;2,21;19,96;3,76;8,63;2,67
mmu-miR-3074-5p;14,45;8,68;18,67;15,23;18,46;14,31;12,55;27,64;14,71;20,71;23;16,01
mmu-miR-770-3p;5967,61;5385,28;7027,64;4669,33;6498,85;6269,89;6869,3;6036,25;8600,97;6380,68;6694;5664,45
mmu-miR-219a-1-3p;13,73;8,68;14,74;15,23;7,6;15,26;19,52;25,43;19,96;14,12;15,33;8
mmu-miR-384-5p;3432,87;4308,42;3682,36;3853,67;3561,01;3832,13;3450,68;2786,47;3562,9;3618,14;3683,86;3774,52
mmu-miR-6412;146,68;133,16;174,93;156,09;206,28;202,19;193,8;274,22;209,09;154,36;208,92;152,08
mmu-miR-138-5p;12465,57;13256,22;9954,27;14736,07;8755,97;10051,48;10363,21;6007,51;6214,85;11298,68;10375,94;12956,46
mmu-miR-7033-5p;3,61;4,82;8,84;1,9;4,34;4,77;9,76;2,21;12,61;3,76;7,67;8
mmu-miR-873a-5p;1708,13;1800,56;1814,16;2040,57;1655,65;1677,63;2460,79;1837,75;1783,02;1956,84;1989,51;1701,38
mmu-miR-377-3p;301,31;344,48;251,58;286,48;222,56;235,57;242,59;203,46;189,12;252,25;249,17;300,61
mmu-miR-1981-3p;213,15;188,16;185,74;271,25;269,25;217,45;285,81;249,9;251,12;253,19;238,63;225,9
mmu-miR-181b-5p;20127,57;25336,2;21406,25;22321,59;25447,14;27233,13;19686,33;30064,06;25401,54;31949,54;25843,54;26000,96
mmu-miR-181a-1-3p;1276,76;1365,38;1329,66;1304,86;1667,6;1914,16;1306,38;2100,91;1380,61;1945,55;1804,55;1613,33
mmu-miR-218-2-3p;52,75;55;51,1;50,44;34,74;49,59;46,01;37,6;29,42;28,24;48,88;55,14
mmu-miR-6977-3p;30,35;27,02;26,53;31,41;20,63;26,7;34,86;17,69;17,86;15,06;24,92;24,01
mmu-miR-335-3p;4608,47;4765,8;5337,31;4006,9;5527,17;5396,27;6142,91;4852;5949,02;4912,35;5510,45;5115,7
mmu-miR-340-5p;19133,33;21983,06;19607,82;25016,96;22016,41;25724,31;23821,57;23039,27;22449,09;26991,07;27673,01;22091,26
mmu-miR-125a-5p;86517,64;100403,02;105084,43;94355,41;119715,23;121876,68;107452,21;115483,87;140100,37;108899,89;105263,05;114896,07
mmu-miR-16-2-3p;12,28;12,54;14,74;16,18;8,69;8,58;8,37;12,16;2,1;8,47;12,46;9,78
mmu-miR-6979-3p;13,01;6,75;6,88;4,76;11,94;7,63;13,94;7,74;14,71;13,18;6,71;14,23
mmu-miR-26a-5p;353677,65;419155,48;378554,14;450844,06;431971,7;477141,47;386316,26;443608,88;459323,83;531810,55;465599,67;451281,05
efu-miR-9226;41,91;27,02;22,6;39,02;14,11;20,03;20,91;16,59;15,76;27,3;22,04;25,79
mmu-miR-669l-5p;10,84;5,79;8,84;11,42;8,69;5,72;6,97;6,63;6,3;5,65;5,75;6,23
mmu-let-7d-5p;50729,35;71710,79;60316,25;66322,32;72409,11;83812,87;69408,24;65131,62;83738,08;78713,3;73569,81;80243,24
mmu-miR-3474;11,56;3,86;12,78;6,66;9,77;4,77;6,97;14,37;11,56;11,29;11,5;11,56
mmu-miR-7043-3p;7,23;7,72;2,95;4,76;9,77;7,63;11,15;13,27;5,25;6,59;7,67;12,45
mmu-miR-495-3p;8964,05;7991,56;8778,9;6832,67;6298;6510,24;7156,51;6120,29;5835,55;7362,4;7172,21;7353,38
mmu-miR-421-3p;615,62;855,89;699,72;775,68;614,49;679,06;702,68;465,52;594,69;657,93;628,67;740,85
mmu-miR-221-3p;50584,83;48368,14;44413,4;47299,53;39779,14;44225,93;49058,27;36986,02;31657,36;39184,87;41049,52;49739,35
mmu-miR-139-3p;1941,51;1215,81;1938,96;1029,8;1880,39;1909,39;1951,9;2285,57;1938,53;1731,89;1617,68;1991,32
mmu-miR-200c-3p;31,07;25,09;26,53;511,09;39,08;30,52;90,62;19,9;33,62;83,77;70,92;25,79
mmu-miR-204-3p;37,57;51,14;48,15;72,33;65,14;64,85;33,46;46,44;100,87;69,65;84,33;85,38
mmu-miR-194-2-3p;8,67;7,72;10,81;8,57;8,69;12,4;8,37;19,9;10,51;10,35;12,46;12,45
mmu-miR-222-5p;232,66;214,21;247,65;212,24;214,96;251,79;250,96;277,54;239,56;230,6;264,5;225,01
mmu-miR-6932-3p;11,56;7,72;8,84;3,81;9,77;9,54;18,12;7,74;10,51;13,18;10,54;9,78
mmu-miR-7065-3p;12,28;18,33;9,83;17,13;21,71;17,17;13,94;11,06;10,51;17,88;7,67;13,34
mmu-miR-3970;11,56;13,51;15,72;13,32;13,03;19,07;16,73;13,27;27,32;13,18;23;15,12
mmu-miR-1843a-3p;536,86;445,8;530,68;435,91;553,69;580,83;701,29;609,26;607,3;479,09;483,96;538,07
mmu-miR-3102-5p.2-5p;23,84;14,47;22,6;21,89;20,63;23,84;22,31;26,54;33,62;25,41;19,17;26,68
mmu-miR-6989-3p;41,91;41,49;38,33;39,02;51,03;46,73;40,43;59,71;59,89;41,41;50,79;44,47
mmu-miR-322-3p;272,4;327,11;320,38;397,83;285,53;326,18;303,94;296,34;268,98;286,14;333,5;274,82
mmu-miR-29c-5p;416,92;373,43;348,88;375,94;293,13;261,33;323,46;298,55;217,49;325,67;325,84;345,97
mmu-miR-301a-5p;161,13;166,93;148,4;139,91;191,08;206,01;165,91;199,03;172,31;202,37;199,33;176,1
oan-miR-1386;43,35;54,04;53,07;63,77;43,43;54,36;48,8;59,71;34,67;53,65;27,79;40,91
mmu-miR-1969;36,13;39,56;38,33;30,46;47,77;33,38;46,01;26,54;46,23;46,12;53,67;43,58
mmu-miR-135a-1-3p;94,66;100,35;91,4;86,61;98,8;79,16;104,57;86,25;116,63;104,48;110,21;88,05
mmu-miR-6943-3p;9,39;8,68;11,79;9,52;9,77;3,81;2,79;8,85;4,2;7,53;7,67;7,12
mmu-miR-6964-3p;6,5;5,79;8,84;9,52;8,69;4,77;16,73;9,95;7,35;5,65;11,5;8,89
mmu-miR-676-3p;2242,1;2067,85;2393;2130,03;2484,02;2550,3;2736,85;2224,76;2902,01;2274,98;2429,39;2355,96
mmu-miR-30a-5p;80018,23;86065,11;80858,67;122098,21;95250,63;104238,19;97332,99;103318,48;92631,14;120734,13;108680,49;102602,2
mmu-miR-21a-5p;25410,19;40094,82;29984,67;35056,11;37577,39;40438,63;22082,98;46894,59;36980,17;55124,81;43429,07;39499,05
mmu-miR-873a-3p;747,12;707,29;843,2;739,52;712,2;707,68;939,7;743,06;773,31;750,17;798,3;755,97
mmu-miR-1264-3p;197,98;219,04;234,88;238,89;260,56;190,75;171,49;48,65;185,97;211,78;199,33;257,03
mmu-miR-323-5p;247,11;183,34;305,64;167,51;249,71;240,34;290;308,5;338,32;203,31;230,96;232,13
mmu-miR-199b-5p;40,46;25,09;30,47;42,83;35,83;33,38;13,94;30,96;16,81;32;28,75;44,47
mmu-miR-3061-5p;20,23;14,47;17,69;19,04;14,11;11,44;18,12;19,9;16,81;26,35;23,96;14,23
mmu-miR-3078-5p;52,75;44,39;73,71;57,11;39,08;59,13;55,77;78,51;55,69;49,89;68,04;68,48
mmu-miR-3102-3p.2-3p;65,03;58,86;55,03;62,82;71,65;47,69;39,04;55,29;43,08;49,89;58,46;67,59
mmu-miR-877-3p;416,92;305,88;401,94;272,2;313,76;280,4;309,52;351,63;250,06;284,26;287,5;308,61
mmu-miR-6896-5p;26,73;21,23;21,62;18,08;21,71;26,7;15,34;23,22;33,62;29,18;30,67;28,46
mmu-miR-138-1-3p;130,06;156,32;124,81;149,43;116,17;144,01;126,87;102,83;92,46;134,6;133,21;145,86
mmu-miR-199a-5p;368,5;357,02;389,17;973,65;400,61;409,15;539,56;421,29;339,37;364,26;350,75;372,65
mmu-miR-3099-3p;1487,02;1651,96;1874,1;1136,4;1427,66;1215,07;1008,02;974,16;1525,61;1297,03;1324,43;1612,44
mmu-miR-5620-5p;6,5;5,79;11,79;9,52;15,2;7,63;8,37;17,69;15,76;8,47;10,54;11,56
mmu-miR-26b-3p;42,63;57,9;37,34;39,97;33,66;41,96;32,07;34,28;46,23;41,41;23,96;39,13
mmu-miR-329-5p;5864,28;4795,71;4583,54;4635,06;4407,84;4484,49;4723,6;3660,01;3767,78;4631,85;4802,24;4912,92
mmu-miR-7070-3p;19,51;16,4;17,69;15,23;29,31;24,8;11,15;12,16;19,96;16,94;23,96;14,23
mmu-miR-200a-3p;192,92;296,23;287,95;4866,34;467,93;430,14;540,96;597,1;519,04;993,95;677,55;352,19
mmu-miR-340-3p;1931,4;1526,52;2029,38;1562,79;1885,82;2012,39;2476,13;2353,02;1926,97;1720,59;1799,76;1768,97
mmu-miR-325-3p;97,55;109,04;105,15;71,38;109,65;91,56;57,16;100,62;68,3;94,12;88,17;102,28
mmu-miR-3547-3p;87,43;125,44;137,58;56,15;71,65;40,06;52,98;14,37;91,41;60,24;86,25;82,71
mmu-miR-3068-5p;1588,9;1861,35;1606,8;1625,6;1404,86;1589,89;1483,45;1294,83;1322,82;1629,29;1587,97;1689,82
xtr-miR-9b-3p;4,34;11,58;3,93;2,86;7,6;3,81;6,97;7,74;7,35;13,18;3,83;8
mmu-miR-10b-5p;58,53;30,88;110,07;504,43;83,6;63,9;119,9;115;100,87;57,42;86,25;95,16
mmu-miR-3094-3p;7,95;0;5,9;4,76;2,17;13,35;8,37;11,06;15,76;6,59;3,83;7,12
mmu-miR-1197-3p;94,66;79,12;92,38;77,09;77,08;69,62;79,47;46,44;65,14;83,77;72,83;86,27
mmu-miR-143-3p;41777,58;45568,87;75091,89;214755,68;59943,38;48559,73;50858,2;71933,05;61902,59;67964,31;59527,26;61476,47
mmu-miR-652-3p;1687,17;1784,16;1590,09;1722,68;1740,34;1728,18;1431,86;1083,63;1137,9;1789,3;1560,18;2123,83
mmu-miR-9-5p;787059,21;880402,23;813065,06;1002817,19;828195,37;921601,09;984253,55;873079,71;840777,69;940654,34;1016475,27;897668,73
mmu-miR-7073-5p;6,5;8,68;10,81;12,37;18,46;10,49;15,34;12,16;10,51;14,12;20,13;11,56
mmu-miR-3081-3p;40,46;43,42;65,84;67,57;71,65;55,32;71,11;79,61;57,79;71,53;76,67;42,69
mmu-miR-6929-3p;6,5;5,79;8,84;3,81;15,2;3,81;8,37;19,9;8,41;7,53;8,63;7,12
mmu-miR-3068-3p;523,85;606,94;518,89;676,7;482,04;543,63;474,03;438,98;453,9;537,45;604,71;564,76
mmu-let-7c-5p;92868,2;117158,08;97119,24;112646,3;113031,81;127257,69;107711,53;97617,26;123336,57;129324,85;123593,21;131025,83
mmu-miR-1198-3p;12,28;9,65;3,93;8,57;17,37;20,03;22,31;12,16;14,71;17,88;12,46;13,34
mmu-miR-370-3p;22241,06;15630,92;24449,83;16175,13;23065,17;22434,85;26232,17;25047,31;24549,43;20121,88;22162,56;19012,23
mmu-miR-323-3p;5310,08;4224,47;5150,59;4230,57;5049,48;5141,62;5687,01;5178,2;5547,66;4756,1;4727,49;5101,47
mmu-miR-182-5p;122,83;118,69;161,17;1811,2;146,57;192,66;369,47;85,14;152,35;402,85;325,84;157,42
mmu-miR-383-3p;11,56;9,65;5,9;11,42;6,51;5,72;11,15;3,32;3,15;9,41;0,96;8,89
mmu-miR-98-5p;4243,58;5585,99;5039,54;5493,55;5238,38;6226,98;5072,16;4882,96;6123,44;6356,21;6026,04;5899,24
mmu-miR-1934-5p;13,01;14,47;18,67;6,66;20,63;17,17;15,34;11,06;13,66;9,41;7,67;15,12
mmu-miR-6994-3p;16,62;13,51;9,83;2,86;8,69;9,54;12,55;3,32;7,35;9,41;7,67;6,23
mmu-miR-28a-5p;95,38;145,7;100,24;127,54;117,25;113,5;64,13;59,71;118,73;113,89;121,71;122,73
gma-miR6300;0;143,77;0;0;1,09;0;0;1,11;1,05;0;0;0
mmu-let-7b-3p;606,23;490,19;614,22;506,34;578,66;539,82;540,96;986,32;597,84;638,16;470,54;523,84
mmu-miR-7052-3p;20,23;12,54;19,65;8,57;26,06;14,31;13,94;33,17;18,91;17,88;23,96;16,9
mmu-miR-181d-5p;4330,29;5003,17;4392,89;5978,95;4618,46;5274,19;5677,25;5033,35;4960,32;5617,34;5639,83;4735,94
mmu-miR-34a-5p;860,57;902,21;650,58;1101,18;1061,79;1148,3;856,05;1347,9;958,23;1119,14;1043,63;1041,46
mmu-miR-409-5p;4625,09;4183,94;4335,89;3951,7;3924,72;4313,77;4489,37;3514,05;3373,77;3916,51;4146,74;4391,75
mmu-miR-6962-3p;5,78;5,79;7,86;7,61;6,51;8,58;4,18;4,42;6,3;5,65;5,75;5,34
mmu-miR-93-3p;49,86;44,39;56,02;47,59;43,43;29,57;27,88;43,12;30,47;32,94;39,29;57,81
mmu-miR-5100;100,44;127,37;111,05;112,31;121,6;142,11;139,42;143,75;136,59;131,77;117,88;109,39
mmu-miR-488-5p;42,63;27,02;29,48;36,17;23,88;30,52;37,64;24,33;24,17;16;26,83;34,69
mmu-miR-7047-3p;54,91;35,7;56,02;49,49;39,08;38,15;41,83;65,24;21,01;33,88;33,54;37,35
mmu-miR-21c;5,06;5,79;5,9;3,81;4,34;4,77;1,39;6,63;9,46;9,41;7,67;4,45
mmu-miR-450a-5p;425,59;369,57;446,17;531,08;424,5;451,12;487,98;427,92;342,53;385,91;426,46;390,44
mmu-miR-431-3p;2176,34;1910,56;2004,81;1711,26;1992,21;1881,73;1760,89;1507,13;1919,61;1932,37;1947,35;1945,96
mmu-miR-3084-3p;25,29;26,05;29,48;36,17;34,74;31,47;25,1;18,8;21,01;25,41;29,71;36,46
mmu-miR-133a-3p;5,06;3,86;8,84;5,71;4,34;7,63;2,79;7,74;2,1;1,88;5,75;5,34
mmu-miR-433-3p;18751,1;18491,94;23244,97;15698,3;24069,42;22499,71;20281,66;21629,45;28607,2;20906,88;20986,68;21375,31
mmu-miR-34c-5p;8966,22;11887,95;8071,32;3616,68;10639,62;9227,45;3026,84;6810,28;9666,37;17182,38;15366,97;14605,36
mmu-miR-181a-5p;77125,83;79823,93;83708,64;70465,32;91848,12;92673,13;72899,36;120635,53;82126,32;97450,61;83340,08;83245,78
mmu-miR-132-3p;24479,54;18942,56;19486,94;22489,09;17316,52;17693,81;22455,24;19843,68;13323,83;17683,13;16715,36;19946,08
mmu-miR-344c-3p;129,34;178,51;145,45;172,27;148,74;159,27;151,97;106,15;97,71;160,95;142,79;177,88
mmu-miR-31-3p;17,34;17,37;7,86;15,23;9,77;11,44;12,55;12,16;4,2;10,35;14,38;10,67
mmu-miR-377-5p;237;258,6;248,64;224,61;204,11;245,11;221,68;238,84;176,52;236,25;208,92;241,91
mmu-miR-491-3p;14,45;20,26;11,79;15,23;11,94;5,72;12,55;12,16;7,35;8,47;10,54;13,34
mmu-miR-376c-3p;265,18;302,02;272,22;276,96;207,36;218,41;206,34;208,99;185,97;270,14;253,96;280,15
mmu-miR-378d;7,95;14,47;14,74;16,18;14,11;14,31;16,73;8,85;14,71;16;19,17;21,35
mmu-miR-142a-3p;197,98;235,44;168,05;306,47;176,97;190,75;211,92;201,25;140,79;196,72;207,96;187,66
mmu-miR-431-5p;294,08;234,48;296,79;255,07;265,99;261,33;269,08;185,76;189,12;264,49;241,5;315,73
mmu-miR-200b-5p;3,61;3,86;4,91;29,5;5,43;2,86;11,15;3,32;5,25;6,59;3,83;3,56
mmu-miR-301a-3p;98,27;138,95;98,27;120,87;85,77;84,88;96,2;81,83;71,45;95,07;101,58;115,62
mmu-miR-6900-3p;7,23;6,75;11,79;6,66;8,69;15,26;12,55;12,16;10,51;15,06;9,58;9,78
mmu-miR-193b-3p;190,76;95,53;131,69;83,75;149,82;121,13;66,92;87,35;64,09;154,36;112,13;160,98
mmu-miR-676-5p;279,63;330,97;290,89;329,31;382,16;393,9;351,34;285,28;427,63;375,56;411,13;328,18
mmu-miR-467c-5p;30,35;38,6;31,45;31,41;16,29;31,47;32,07;21,01;29,42;18,82;25,88;29,35
mmu-miR-551b-5p;20,23;15,44;25,55;12,37;17,37;19,07;15,34;16,59;11,56;12,24;21,08;16,01
mmu-miR-25-3p;2725,49;2937,25;2742,85;2529,77;2867,27;3090,12;2308,82;3350,4;2747,56;3136,22;3266,02;3194,65
mmu-miR-27b-3p;57963,6;68816,96;61041,52;69962,79;67550,71;69382,77;55590,17;77055,96;57524,36;86996,23;73323,52;75276,95
mmu-miR-669f-3p;14,45;14,47;14,74;7,61;11,94;7,63;15,34;4,42;9,46;12,24;7,67;8,89
mmu-miR-1188-3p;7,23;7,72;10,81;3,81;5,43;3,81;5,58;2,21;8,41;5,65;4,79;2,67
mmu-miR-5129-3p;73,7;69,48;83,53;74,24;76;86,79;94,81;111,68;78,8;95,07;85,29;52,47
mmu-miR-7093-3p;13,73;16,4;21,62;19,99;17,37;18,12;16,73;15,48;15,76;15,06;13,42;15,12
mmu-miR-540-3p;854,79;816,33;833,37;714,77;793,63;781,11;847,68;680,03;754,4;739,82;746,55;812
mmu-miR-3094-5p;3,61;6,75;3,93;2,86;7,6;10,49;4,18;11,06;7,35;7,53;8,63;6,23
mmu-miR-1188-5p;43,35;47,28;46,19;27,6;45,6;35,29;37,64;32,07;38,88;36,71;42,17;31,13
mmu-miR-215-5p;7,23;7,72;4,91;15,23;17,37;8,58;8,37;13,27;11,56;11,29;14,38;15,12
mmu-let-7d-3p;7131,65;4347,98;7778,46;3633,81;7322,88;5960,88;6754,98;11204,5;7913,81;5475,21;4666,16;5946,38
mmu-miR-374b-5p;777,47;995,81;892,34;1072,63;996,65;1048,16;863,02;785,08;794,32;969,48;966,01;1027,23
mmu-miR-382-3p;4673,5;4485,96;4937,33;3733,75;4200,48;4474;4276,06;3700,92;4167,05;4117;4544,45;4393,53
gga-miR-124b;49,13;44,39;58,96;49,49;42,34;44,83;58,56;48,65;36,77;50,83;35,46;30,24
mmu-miR-3083-3p;34,68;30,88;39,31;36,17;31,48;22,89;36,25;22,11;19,96;36,71;32,58;24,01
mmu-miR-5125;7,23;8,68;10,81;11,42;6,51;8,58;6,97;9,95;7,35;5,65;8,63;4,45
mmu-miR-668-3p;3867,13;3597,26;4066,62;3078,94;4316,64;4075,34;3723,95;3765,06;4689,24;4088,76;3931,11;4191,64
mmu-miR-8111;18,06;6,75;10,81;13,32;21,71;8,58;13,94;22,11;13,66;9,41;19,17;18,68
mmu-miR-22-5p;1635,87;1774,51;1347,35;1933,02;1228,98;1486,88;1712,1;1314,73;1053,84;1421,28;1491,18;1628,45
mmu-miR-363-3p;22,4;19,3;15,72;40,93;11,94;12,4;9,76;15,48;17,86;14,12;21,08;21,35
mmu-miR-339-3p;233,39;191,06;255,51;203,68;218,22;216,5;217,5;226,68;184,92;187,31;214,67;211,67
mmu-miR-744-3p;106,22;86,84;86,48;68,53;80,34;95,37;76,68;88,46;72,5;85,65;85,29;75,6
mmu-miR-1941-3p;12,28;14,47;10,81;11,42;17,37;20,03;15,34;24,33;14,71;11,29;20,13;16,01
mmu-let-7e-5p;19024,95;21986,92;20684,91;22583,32;20889,48;23572,67;22789,85;18788,8;22957,63;23247,75;23315,44;23823,77
mmu-miR-1191b-5p;2,17;6,75;3,93;6,66;4,34;4,77;5,58;8,85;5,25;7,53;1,92;8
mmu-miR-679-3p;7,23;4,82;12,78;4,76;4,34;4,77;5,58;4,42;5,25;4,71;4,79;5,34
mmu-miR-140-3p;7811,57;9081,93;8723,87;11733,28;8668,03;8807,8;7360,06;7929,29;7394,77;9409,6;9783,69;9247,75
mmu-miR-6944-3p;147,4;127,37;181,81;103,74;147,65;114,45;149,18;159,23;178,62;140,25;134,17;136,96
mmu-miR-351-5p;665,48;616,59;827,48;800,43;735;718,17;775,18;767,39;691,36;580,75;680,42;608,33
mmu-miR-23b-3p;8945,27;9059,74;9848,13;8891,33;9346,58;9381,95;8216,11;10593,02;6939,82;8924,86;8453,51;9316,23
mmu-miR-6945-3p;41,91;40,53;53,07;24,75;64,05;49,59;61,35;66,34;72,5;44,24;41,21;32,91
mmu-miR-101b-3p;6225,56;8278,14;5651,79;8024,27;5609,68;6396,74;5126,53;4535,76;4238,49;7146,86;7340,88;7747,37
mmu-miR-7044-3p;132,23;66,58;104,17;72,33;91,2;86,79;94,81;85,14;88,26;73,42;78,58;82,71
mmu-miR-147-3p;9,39;3,86;8,84;9,52;8,69;11,44;15,34;18,8;8,41;6,59;9,58;7,12
mmu-miR-760-3p;1428,5;1194,58;1653,97;938,43;1504,75;1416,31;1282,68;1523,71;1835,56;1359,15;1422,18;1411,44
mmu-miR-3064-5p;18,79;17,37;18,67;18,08;23,88;23,84;22,31;23,22;24,17;23,53;19,17;24,01
mmu-miR-1948-5p;3,61;4,82;6,88;3,81;8,69;4,77;2,79;9,95;11,56;5,65;5,75;5,34
mmu-miR-3066-5p;6,5;20,26;18,67;20,94;22,8;16,21;15,34;19,9;26,27;24,47;23;14,23
mmu-miR-6769b-3p;41,19;32,81;29,48;39,97;31,48;40,06;27,88;35,38;21,01;38,59;27,79;40,02
mmu-miR-6903-3p;6,5;9,65;6,88;5,71;3,26;3,81;2,79;6,63;4,2;2,82;5,75;5,34
mmu-miR-451a;541,2;358,95;566,06;816,61;340,9;597,04;634,37;417,97;367,74;330,38;678,5;366,42
mmu-miR-547-3p;25,29;18,33;22,6;32,36;18,46;24,8;25,1;35,38;28,37;24,47;33,54;16,9
mmu-miR-299a-5p;10,84;5,79;2,95;5,71;6,51;9,54;2,79;4,42;4,2;3,76;8,63;8
mmu-miR-3076-3p;10,84;6,75;7,86;2,86;9,77;8,58;8,37;14,37;7,35;10,35;6,71;10,67
mmu-miR-455-5p;375,73;349,31;365,58;505,38;358,27;437,77;429,42;440,09;357,24;432,03;478,21;416,23
mmu-miR-92b-5p;110,55;119,65;152,33;106,6;167,19;185,03;129,66;96,2;172,31;160,95;173,46;207,23
mmu-miR-672-3p;26,73;25,09;27,52;23,79;24,97;26,7;26,49;14,37;22,06;19,77;33,54;20,46
mmu-miR-129b-5p;18,06;16,4;14,74;29,5;16,29;11,44;12,55;22,11;11,56;16,94;8,63;17,79
mmu-miR-6970-3p;10,84;6,75;7,86;5,71;3,26;2,86;6,97;1,11;3,15;3,76;5,75;8
mmu-miR-490-5p;61,42;36,67;57,98;34,26;58,63;43,87;43,22;50,86;44,13;44,24;42,17;40,02
mmu-miR-132-5p;10362,93;8827,19;8685,54;10570,23;9881,82;10649,47;14332,54;11664,49;8152,32;9738,1;9395,56;10194,05
sme-miR-124e-3p;11,56;9,65;12,78;15,23;19,54;10,49;13,94;14,37;8,41;15,06;4,79;9,78
mmu-miR-3071-5p;354,05;288,51;271,24;317,89;323,53;329,04;278,84;260,96;264,77;323,79;331,59;321,07
mmu-miR-22-3p;40536,22;37796,35;39980,22;43067,06;38266,79;41063,33;47252,76;38256,52;31553,34;37127,31;35969,36;38928,07
mmu-miR-137-5p;167,63;154,39;169,03;120,87;171,54;176,44;177,07;120,53;158,65;139,3;140,88;161,87
mmu-let-7f-1-3p;138,01;127,37;135,62;119,92;123,77;112,54;108,75;163,65;108,22;117,66;96,79;111,17
mmu-miR-6540-5p;666,92;894,49;823,54;746,18;943,45;1085,36;835,14;641,33;1102,18;999,6;1066,63;945,41
mmu-let-7f-2-3p;984,12;809,58;726,25;869,91;868,54;838,34;789,13;747,48;576,83;844,29;876,88;946,3
mmu-miR-7243-3p;5,06;7,72;2,95;2,86;4,34;5,72;0;14,37;4,2;8,47;5,75;4,45
mmu-miR-6954-3p;10,84;5,79;8,84;4,76;4,34;10,49;16,73;12,16;7,35;4,71;6,71;9,78
mmu-miR-7079-3p;6,5;11,58;10,81;4,76;9,77;6,68;6,97;12,16;11,56;8,47;15,33;5,34
mmu-miR-18a-3p;10,84;2,89;4,91;8,57;10,86;6,68;8,37;12,16;7,35;8,47;6,71;11,56
mmu-miR-148a-5p;48,41;45,35;47,17;57,11;44,51;50,55;59,95;49,76;36,77;50,83;72,83;50,69
mmu-miR-652-5p;11,56;14,47;13,76;19,04;8,69;4,77;11,15;12,16;3,15;11,29;8,63;13,34
mmu-miR-344f-3p;225,44;227,72;284,01;178,93;243,19;219,36;266,3;159,23;367,74;262,61;266,42;193,88
mmu-miR-375-3p;338,88;438,08;267,31;189,4;442,96;356,7;129,66;246,58;396,11;550,63;520,38;539,85
mmu-miR-149-5p;7575,3;5794,41;7305,76;5598,24;6309,94;6045,77;7176,03;6888,78;5275,53;5391,44;5786,45;5990,85
mmu-let-7b-5p;35248,54;36925,99;35752,43;36616,99;35393,01;36321,33;32716,67;32446,94;32766,89;35979;34290,35;40957,63
mmu-miR-467a-5p;125;130,27;147,41;131,34;157,42;142,11;178,46;172,5;137,64;155,31;157,17;97,83
mmu-miR-190a-3p;18,06;11,58;8,84;6,66;3,26;7,63;8,37;11,06;4,2;8,47;5,75;8,89
mmu-miR-672-5p;252,17;247,99;255,51;285,53;238,85;313,78;273,27;228,89;309,95;275,78;292,29;296,16
mmu-miR-6973b-3p;7,23;5,79;1,97;8,57;1,09;1,91;12,55;5,53;6,3;2,82;4,79;4,45
mmu-miR-3084-5p;14,45;31,84;17,69;25,7;26,06;19,07;16,73;16,59;21,01;20,71;19,17;23,12
mmu-miR-1298-5p;400,3;519,13;462,88;581,52;607,98;566,52;460,09;205,67;630,42;701,23;811,71;757,75
mmu-miR-183-5p;152,46;115,79;193,6;1894;184,56;235,57;545,14;132,69;161,81;565,69;396,75;141,41
mmu-miR-148b-5p;129,34;145,7;137,58;168,46;159,59;210,78;158,94;161,44;139,74;216,49;184;160,09
mmu-miR-504-5p;407,52;257,64;391,13;330,26;382,16;412,97;504,71;509,75;363,54;299,32;363,21;329,96
mmu-miR-412-3p;45,52;47,28;54,05;39,97;41,26;43,87;33,46;40,91;54,64;31,06;47,92;40,91
mmu-miR-186-5p;8339,04;9824,93;7657,58;10495,04;8779,86;8803,03;7993,04;7228,25;7487,23;10071,3;9179,93;9167,71
mmu-miR-15b-3p;18,06;10,61;32,43;30,46;4,34;9,54;11,15;2,21;24,17;44,24;17,25;38,24
mmu-miR-16-5p;4104,13;5395,9;4378,15;4942,48;4414,36;4579,87;3931,69;4645,23;3235,08;4899,17;4429,45;5125,49
mmu-miR-145a-3p;773,14;784,49;1096,75;2287,07;1022,71;931,81;914,61;1146,66;1045,44;1084,31;998,59;967,64
mmu-miR-6958-3p;18,79;17,37;25,55;16,18;31,48;20,03;30,67;18,8;27,32;20,71;22,04;24,9
mmu-miR-7027-3p;23,12;18,33;12,78;18,08;22,8;20,98;37,64;23,22;21,01;23,53;18,21;11,56
mmu-miR-6975-3p;18,79;26,05;22,6;17,13;19,54;18,12;22,31;23,22;9,46;12,24;20,13;21,35
mmu-miR-505-5p;23,12;27,98;21,62;18,08;33,66;38,15;16,73;27,64;43,08;27,3;33,54;32,02
mmu-miR-10a-5p;120,67;92,63;151,34;334,07;189,99;203,15;235,62;257,64;202,78;178,84;186,88;170,76
mmu-miR-32-5p;107,66;157,28;138,57;98,03;112,91;106,82;111,54;158,12;86,16;148,72;159,08;118,29
mmu-miR-344e-3p;3,61;13,51;6,88;9,52;13,03;3,81;11,15;2,21;12,61;11,29;12,46;10,67
mmu-miR-106a-5p;5,06;9,65;5,9;10,47;5,43;1,91;11,15;1,11;2,1;0;6,71;8
mmu-miR-378a-3p;156,07;176,58;153,31;339,78;188,91;229,85;182,64;201,25;201,73;290,84;259,71;228,57
mmu-miR-30c-1-3p;173,41;170,79;205,39;208,44;180,22;205,05;235,62;202,35;156,55;202,37;212,75;195,66
mmu-miR-1968-5p;15,9;17,37;22,6;31,41;20,63;31,47;16,73;24,33;29,42;27,3;29,71;25,79
mmu-miR-181d-3p;11,56;6,75;4,91;5,71;4,34;4,77;11,15;3,32;3,15;6,59;4,79;3,56
mmu-miR-666-5p;777,47;956,25;876,61;833,74;828,37;934,67;857,44;640,23;989,75;966,66;1108,8;936,51
mmu-miR-450b-5p;14,45;19,3;20,64;36,17;20,63;21,94;18,12;24,33;17,86;7,53;23,96;24,01
mmu-miR-344d-3-5p;125,73;119,65;125,79;150,38;130,28;144,01;168,7;142,64;114,53;148,72;123,63;143,19
mmu-miR-144-3p;145,96;111,93;116,95;230,33;95,54;145,92;182,64;105,05;77,75;88,48;181,13;120,96
mmu-miR-669d-5p;17,34;10,61;6,88;14,28;13,03;10,49;20,91;5,53;9,46;17,88;16,29;15,12
mmu-miR-193a-5p;13,01;23,16;19,65;16,18;27,14;22,89;12,55;17,69;24,17;37,65;26,83;16,9
mmu-miR-3065-5p;7,23;16,4;10,81;4,76;5,43;12,4;11,15;9,95;11,56;5,65;12,46;16,01
mmu-miR-3103-3p;16,62;4,82;19,65;14,28;17,37;15,26;26,49;12,16;22,06;15,06;13,42;13,34
mmu-miR-130b-3p;23,84;28,95;17,69;25,7;15,2;14,31;19,52;13,27;16,81;17,88;23;22,23
mmu-miR-331-5p;101,16;102,28;103,19;96,13;85,77;86,79;104,57;84,04;67,24;91,3;93,92;104,06
mmu-miR-139-5p;33255,01;21515,07;31521,69;21106,19;32394,38;31846,37;36490,81;31194,13;23873,83;29625,61;28064,97;33753,67
mmu-miR-7666-3p;13,01;7,72;4,91;17,13;13,03;23,84;12,55;13,27;11,56;13,18;9,58;8,89
mmu-miR-1224-5p;854,79;657,12;989,63;555,83;767,57;714,35;856,05;1162,14;823,74;616,51;734,09;690,16
mmu-miR-448-5p;38,3;26,05;52,09;28,55;39,08;30,52;32,07;15,48;37,82;32,94;41,21;33,8
mmu-miR-216b-5p;18,79;48,25;31,45;22,84;40,17;41,96;18,12;15,48;88,26;32;51,75;32,02
mmu-miR-330-3p;4411,94;4862,29;4822,35;3967,88;4895,31;4736,28;4383,41;4774,6;4955,07;4736,33;4809,91;4783,07
mmu-miR-410-5p;18,79;39,56;27,52;28,55;32,57;37,2;33,46;21,01;34,67;44,24;41,21;26,68
mmu-miR-1264-5p;80,93;103,25;145,45;118,97;180,22;160,23;115,72;60,82;162,86;171,31;172,5;193
mmu-miR-758-3p;422,7;546,15;461,89;402,59;453,81;432,04;485,19;296,34;461,25;439,56;475,34;424,23
mmu-miR-467e-5p;59,97;75,26;53,07;53,3;47,77;51,5;51,59;33,17;43,08;67,77;55,58;63,15
mmu-miR-7a-5p;60923,19;112690,45;80952,03;86354,93;91234,71;101223,42;69518,38;30791,64;149420,01;119976,43;124377,14;106092,12
mmu-miR-539-5p;70,09;69,48;82,55;61,86;53,2;47,69;72,5;35,38;54,64;73,42;60,38;60,48
mmu-miR-135a-2-3p;98,27;122,55;102,21;122,78;81,43;99,19;145;81,83;106,12;115,77;96,79;123,62
mmu-miR-218-5p;55943,32;53370,34;51708,35;58804,38;52427,25;55687,04;62527,79;48991,08;40854,07;53334,57;52893,63;56916,63
mmu-miR-329-3p;2500,05;1637,49;2484,39;1606,57;1562,29;1353,36;1893,34;2234,71;1371,15;1659,41;1523,76;1700,49
mmu-miR-185-3p;382,96;331,94;406,86;345,49;358,27;399,62;349,95;447,83;371,95;368,03;352,67;417,12
mmu-miR-448-3p;62,86;72,37;73,71;65,67;56,46;52,46;71,11;22,11;69,35;38,59;58,46;86,27
mmu-miR-450b-3p;18,06;20,26;13,76;24,75;17,37;13,35;18,12;16,59;10,51;13,18;17,25;21,35
mmu-miR-5617-5p;15,9;8,68;12,78;11,42;16,29;8,58;13,94;11,06;6,3;12,24;13,42;8,89
mmu-miR-26a-2-3p;189,31;170,79;202,45;185,59;218,22;217,45;175,67;202,35;185,97;193,9;178,25;201
mmu-miR-1291;11,56;15,44;9,83;13,32;7,6;15,26;16,73;9,95;19,96;11,29;13,42;11,56
mmu-miR-6921-3p;0,72;10,61;7,86;1,9;7,6;14,31;8,37;11,06;10,51;9,41;3,83;8,89
mmu-miR-1251-5p;22,4;18,33;12,78;13,32;15,2;11,44;33,46;12,16;15,76;16,94;15,33;14,23
mmu-miR-5621-3p;58,53;51,14;49,14;49,49;36,91;60,09;50,19;46,44;44,13;46,12;50,79;51,58
mmu-miR-297b-5p;8,67;6,75;10,81;11,42;9,77;3,81;5,58;11,06;4,2;9,41;7,67;6,23
mmu-miR-6899-3p;39,02;16,4;37,34;38,07;32,57;41,96;47,4;39,81;35,72;39,53;32,58;30,24
mmu-miR-24-1-5p;33,96;30,88;32,43;27,6;30,4;41,96;37,64;38,7;21,01;24,47;32,58;30,24
mmu-miR-6914-3p;52,75;36,67;44,22;33,31;49,94;29,57;51,59;44,23;39,93;31,06;28,75;35,58
mmu-miR-6971-3p;20,95;14,47;15,72;11,42;20,63;19,07;20,91;25,43;11,56;8,47;9,58;16,9
mmu-miR-3070-5p;7,95;7,72;6,88;5,71;6,51;10,49;5,58;2,21;11,56;8,47;6,71;4,45
mmu-miR-455-3p;695,1;581,85;713,48;475,88;717,63;605,63;584,18;766,28;576,83;520,51;518,46;644,8
mmu-miR-5129-5p;5,78;5,79;11,79;9,52;4,34;9,54;12,55;9,95;8,41;7,53;5,75;9,78
mmu-miR-28a-3p;184,97;190,09;177,88;218,9;188,91;174,53;147,79;171,39;222,75;217,43;218,5;201,89
mmu-miR-877-5p;85,26;67,55;88,45;76,14;67,31;61,04;69,71;95,09;77,75;75,3;76,67;75,6
mmu-miR-181b-2-3p;4,34;5,79;4,91;7,61;1,09;9,54;5,58;4,42;3,15;8,47;3,83;2,67
mmu-miR-298-5p;1849,75;2527,15;2374,32;1274,4;1959,64;1709,1;1206;751,91;2826,36;1942,72;1960,76;1938,84
tch-miR-26a-2-5p;8,67;14,47;5,9;14,28;8,69;8,58;5,58;12,16;9,46;10,35;6,71;8,89
mmu-miR-1191a;169,8;134,13;173,95;153,23;194,34;181,21;164,52;193,51;182,82;168,48;178,25;158,31
mmu-miR-6959-3p;11,56;6,75;4,91;2,86;6,51;4,77;13,94;6,63;8,41;7,53;2,88;6,23
mmu-miR-488-3p;5603,44;5078,43;5343,21;6679,44;5024,5;5840,71;6957,14;5026,71;5053,83;5808,41;6265,62;5722,26
mmu-miR-5122;5,06;7,72;10,81;9,52;13,03;9,54;6,97;8,85;12,61;10,35;15,33;7,12
mmu-miR-7b-5p;20972,97;29559,7;24039,04;23517,95;24315,87;29775,8;23955,41;11892,27;35217,11;30765,46;33867,72;28420,96
mmu-miR-7688-5p;18,79;13,51;22,6;30,46;30,4;23,84;19,52;28,75;24,17;22,59;27,79;26,68
mmu-miR-222-3p;36966,06;31201,05;35414,36;31006,38;31210,99;33961,77;41451,43;36101,42;33109,42;30888,76;30518,32;34025,82
mmu-miR-125b-2-3p;2404,67;3008,66;2438,2;2686,81;2530,71;2832,61;2565,36;2416,05;2521,66;3070,33;3105,02;2721,5
mmu-miR-542-3p;60,69;84,91;67,81;123,73;64,05;77,25;61,35;46,44;56,74;92,24;99,67;83,6
mmu-miR-1247-5p;48,41;23,16;31,45;20,94;42,34;27,66;32,07;8,85;23,12;23,53;40,25;45,36
mmu-miR-296-3p;312,87;330,01;371,48;223,66;336,56;291,84;207,74;173,6;379,3;333,2;340,21;312,17
mmu-miR-330-5p;10959,76;10000,55;10940,95;9601,34;10054,44;10409,13;12207,75;10292,26;9570,76;10554,15;10557,07;10213,62
mmu-miR-378b;8,67;4,82;3,93;12,37;8,69;6,68;4,18;7,74;5,25;14,12;7,67;11,56
mmu-miR-204-5p;5715,43;4893,17;5864,07;7223,84;5630,31;5240,81;4009,76;5444,68;6558,42;5861,12;5802,75;5481,24
mmu-miR-379-3p;2095,42;2095,83;2355,65;1677;1935,76;2078,2;2120,6;2170,57;1741;1832,6;1838,1;2157,63
mmu-let-7e-3p;711,72;621,42;770,48;631,02;751,29;701,95;743,12;782,87;705,01;683,34;687,13;693,71
mmu-miR-493-5p;429,92;428,43;453,05;431,15;462,5;521,7;510,28;423,5;488,57;464,97;476,29;434,91
mmu-miR-200b-3p;170,52;217,11;242,74;2217,6;393,01;296,61;462,88;560,61;548,46;693,7;503,13;221,46
mmu-miR-7068-3p;10,12;9,65;11,79;9,52;18,46;18,12;16,73;12,16;8,41;15,06;13,42;18,68
xtr-miR-9b-5p;16,62;27,98;16,71;24,75;29,31;20,98;22,31;19,9;18,91;28,24;23;32,02
mmu-miR-3473b;17,34;11,58;9,83;18,08;10,86;17,17;9,76;11,06;16,81;11,29;17,25;11,56
mmu-miR-3968;28,9;21,23;20,64;21,89;20,63;35,29;22,31;22,11;23,12;19,77;30,67;21,35
mmu-miR-879-3p;36,13;41,49;27,52;42,83;29,31;25,75;39,04;25,43;35,72;35,77;35,46;44,47
mmu-miR-425-3p;323,71;306,85;290,89;235,08;276,85;240,34;296,97;309,61;230,1;253,19;221,38;303,28
mmu-miR-485-3p;3086,77;2070,74;3294,18;1903,52;3165,83;2969;3304,29;3215,5;2938,79;2468,88;2523,31;2822
mmu-miR-210-5p;13,01;9,65;11,79;6,66;7,6;6,68;8,37;15,48;8,41;6,59;6,71;5,34
mmu-miR-3070-2-3p;5,78;3,86;5,9;5,71;2,17;8,58;2,79;4,42;11,56;4,71;5,75;7,12
mmu-miR-32-3p;5,78;4,82;8,84;11,42;8,69;13,35;8,37;14,37;8,41;6,59;7,67;1,78
mmu-miR-7117-3p;11,56;4,82;8,84;4,76;8,69;9,54;9,76;16,59;8,41;4,71;10,54;5,34
mmu-miR-1306-5p;57,08;48,25;64,86;39,02;53,2;58,18;48,8;51,97;49,38;53,65;37,38;63,15
mmu-miR-150-3p;37,57;35,7;26,53;42,83;30,4;30,52;40,43;35,38;28,37;37,65;48,88;26,68
mmu-miR-6911-3p;33,24;43,42;36,36;26,65;60,8;40,06;36,25;55,29;32,57;34,83;59,42;37,35
mmu-miR-98-3p;68,64;62,72;67,81;50,44;54,28;42,92;50,19;59,71;46,23;66,83;50,79;56,92
mmu-miR-582-3p;1083,84;1016,07;1025,01;994,59;945,62;1198,85;1324,5;1231,8;895,19;999,6;1029,26;988,99
mmu-miR-92a-3p;4500,81;4440,61;4472,49;2926,66;5492,43;5268,47;2598,82;5820,63;4802,71;5443,21;4773,49;5190,41
mmu-miR-200a-5p;0,72;0,96;3,93;35,22;10,86;5,72;1,39;9,95;7,35;15,06;8,63;3,56
mmu-miR-466c-5p;20,23;21,23;17,69;16,18;19,54;13,35;18,12;18,8;15,76;14,12;14,38;20,46
mmu-miR-5121;21,68;9,65;12,78;13,32;8,69;9,54;8,37;7,74;12,61;13,18;11,5;16,01
mmu-miR-7048-3p;12,28;7,72;9,83;10,47;7,6;9,54;11,15;18,8;7,35;6,59;11,5;8,89
mmu-miR-670-5p;11,56;11,58;6,88;10,47;9,77;13,35;4,18;11,06;8,41;14,12;12,46;17,79
mmu-miR-135b-3p;31,07;18,33;32,43;34,26;20,63;22,89;48,8;22,11;17,86;20,71;37,38;27,57
mmu-miR-6538;18,79;23,16;20,64;305,51;230,16;85,84;39,04;343,89;212,24;101,65;113,08;35,58
mmu-miR-1249-3p;2029,67;1353,8;2102,1;916,54;1310,41;1131,14;800,28;2272,3;951,93;1547,4;1314,84;1352,74
mmu-miR-7220-3p;13,73;11,58;13,76;21,89;9,77;12,4;16,73;14,37;14,71;10,35;9,58;12,45
mmu-miR-484;6434,38;5152,73;6065,53;4450,42;5789,91;5258,93;4723,6;6730,66;4926,7;5206,95;4269,4;6151,83
mmu-miR-34b-5p;243,5;302,02;200,48;70,43;227,99;199,33;55,77;149,28;177,57;329,43;333,5;331,74
mmu-miR-344g-3p;22,4;15,44;18,67;17,13;10,86;20,98;13,94;11,06;12,61;16;17,25;26,68
pma-miR-30b;28,18;23,16;16,71;25,7;31,48;23,84;18,12;25,43;32,57;15,06;23;25,79
mmu-miR-1982-3p;39,74;44,39;45,21;26,65;34,74;36,24;50,19;45,34;39,93;32;29,71;43,58
mmu-miR-142a-5p;493,51;503,69;498,25;796,62;433,18;577,97;570,23;463,31;430,78;538,39;685,21;481,15
mmu-miR-8114;50,58;33,77;45,21;27,6;51,03;45,78;23,7;87,35;38,88;37,65;37,38;47,14
hsa-miR-378g;2,17;6,75;5,9;10,47;5,43;7,63;4,18;6,63;6,3;9,41;9,58;5,34
mmu-miR-6948-5p;3,61;8,68;5,9;8,57;5,43;3,81;5,58;1,11;4,2;10,35;5,75;4,45
mmu-miR-24-2-5p;346,11;325,18;389,17;370,23;336,56;356,7;457,3;453,35;270,03;336,02;343,09;338,85
mmu-miR-187-3p;1468,24;1334,5;1002,4;2787,7;2992,12;2514,06;567,45;859,16;906,75;2991,27;2014,43;3587,75
mmu-miR-30c-5p;125623,92;111655,08;123626,94;123699,06;126626,64;127066,94;119661,35;131474,03;109225,78;123821,41;117291,17;126341,47
gga-let-7d;5,06;6,75;11,79;5,71;13,03;9,54;13,94;13,27;11,56;5,65;6,71;6,23
mmu-miR-7063-3p;9,39;10,61;25,55;5,71;11,94;10,49;13,94;13,27;10,51;14,12;9,58;6,23
mmu-miR-1193-5p;5,78;6,75;2,95;4,76;3,26;5,72;4,18;9,95;8,41;8,47;0;2,67
mmu-miR-5620-3p;7,95;8,68;2,95;4,76;16,29;6,68;9,76;12,16;9,46;6,59;2,88;1,78
mmu-miR-5113;12,28;14,47;14,74;19,04;26,06;11,44;15,34;17,69;12,61;19,77;13,42;24,01
mmu-miR-1943-5p;13,73;18,33;14,74;16,18;10,86;12,4;8,37;14,37;9,46;25,41;18,21;15,12
mmu-miR-350-5p;70,81;81,05;70,76;42,83;85,77;55,32;39,04;70,77;68,3;68,71;65,17;73,82
mmu-miR-3061-3p;22,4;20,26;28,5;27,6;14,11;6,68;25,1;21,01;25,22;19,77;11,5;26,68
mmu-miR-1957b;5,06;8,68;1,97;7,61;7,6;4,77;5,58;6,63;6,3;4,71;2,88;6,23
mmu-miR-214-5p;4,34;4,82;5,9;5,71;9,77;6,68;5,58;4,42;5,25;1,88;12,46;3,56
mmu-miR-148a-3p;17596,45;14271,33;16122,01;22522,41;18618,24;20171,63;22838,65;15410,75;15294,93;19251,24;21762,93;18174,44
mmu-miR-223-5p;3,61;4,82;2,95;20,94;3,26;8,58;6,97;8,85;5,25;10,35;11,5;6,23
mmu-miR-224-5p;28,18;42,46;34,4;57,11;36,91;39,1;19,52;33,17;48,33;49,89;43,13;53,36
mmu-miR-7030-3p;5,78;3,86;10,81;6,66;4,34;8,58;8,37;6,63;6,3;7,53;6,71;8
mmu-miR-138-2-3p;161,13;184,3;155,27;210,34;171,54;174,53;146,39;138,22;177,57;232,49;179,21;211,67
mmu-miR-6948-3p;10,84;9,65;19,65;4,76;17,37;10,49;18,12;8,85;10,51;9,41;10,54;10,67
mmu-miR-467d-5p;23,12;22,19;18,67;13,32;19,54;10,49;25,1;22,11;15,76;17,88;13,42;8,89
mmu-miR-670-3p;7,95;9,65;9,83;4,76;6,51;9,54;2,79;2,21;7,35;10,35;10,54;9,78
mmu-miR-298-3p;11,56;14,47;14,74;6,66;8,69;11,44;13,94;2,21;10,51;14,12;8,63;13,34
mmu-miR-1930-5p;9,39;8,68;12,78;14,28;11,94;9,54;11,15;5,53;12,61;16,94;8,63;7,12
mmu-miR-6968-3p;3,61;2,89;7,86;10,47;14,11;8,58;8,37;6,63;9,46;11,29;6,71;8
mmu-miR-210-3p;1237,74;1609,51;1033,85;1656,06;1263,73;1482,11;1111,19;1279,35;1094,82;1899,43;1588,93;1584,87
mmu-miR-144-5p;114,16;73,33;98,27;153,23;89,03;121,13;140,82;86,25;94,56;94,12;170,58;93,38
mmu-miR-369-5p;5146,06;4687,64;5064,11;4109,69;4754,17;4851,68;5696,77;4508,12;4328,85;4295,83;4636,45;4666,57
mmu-miR-7240-5p;14,45;9,65;9,83;8,57;11,94;16,21;4,18;21,01;11,56;16;10,54;11,56
mmu-miR-218-1-3p;11,56;16,4;14,74;8,57;9,77;14,31;15,34;11,06;5,25;16;16,29;7,12
mmu-miR-3104-3p;17,34;14,47;26,53;9,52;15,2;17,17;13,94;18,8;23,12;8,47;22,04;19,57
mmu-miR-487b-5p;44,08;39,56;45,21;32,36;38;33,38;41,83;38,7;34,67;36,71;40,25;34,69
mmu-miR-6953-3p;13,73;9,65;19,65;12,37;19,54;12,4;20,91;16,59;15,76;8,47;10,54;11,56
mmu-miR-5112;29,62;30,88;3,93;13,32;39,08;10,49;22,31;17,69;42,03;12,24;13,42;8,89
mmu-miR-27a-3p;11942,44;11889,88;12117,3;15743,98;10969,66;11418,19;14593,26;14093,81;9777,74;12909,14;12662,54;11731,78
mmu-miR-101a-3p;28866,91;36073,95;26465,45;36587,49;27218,96;31196,88;24722,23;26506,89;20714,4;35695,68;37370,45;35899,74
mmu-miR-434-3p;75384,47;56243,91;76432,36;50657,33;69357,27;74141,93;70347,94;72543,42;63623,63;55426,95;66532,72;64948,6
mmu-miR-1224-3p;94,66;74,3;83,53;62,82;79,25;79,16;105,96;89,57;61,99;75,3;66,13;65,81
mmu-miR-8112;26,01;10,61;37,34;19,04;26,06;16,21;18,12;34,28;26,27;27,3;23,96;13,34
mmu-miR-704;7,23;5,79;11,79;7,61;11,94;9,54;8,37;14,37;7,35;5,65;7,67;7,12
mmu-miR-6906-3p;28,9;16,4;27,52;20,94;23,88;36,24;23,7;28,75;34,67;15,06;33,54;25,79
mmu-miR-5126;4,34;0,96;6,88;11,42;18,46;12,4;5,58;15,48;23,12;4,71;5,75;5,34
mmu-miR-146b-3p;37,57;32,81;46,19;37,12;26,06;35,29;36,25;35,38;34,67;32;30,67;40,02
mmu-miR-499-5p;256,51;244,13;251,58;292,19;257,31;268;327,64;281,96;212,24;296,49;236,71;249,92
mmu-miR-7046-3p;9,39;12,54;15,72;5,71;6,51;6,68;11,15;8,85;12,61;6,59;5,75;8,89
mmu-miR-7044-5p;7,95;0;8,84;6,66;6,51;6,68;4,18;5,53;7,35;3,76;7,67;5,34
mmu-miR-6481;13,01;5,79;16,71;33,31;28,23;6,68;2,79;58,6;43,08;2,82;0,96;9,78
mmu-miR-7236-3p;2,89;7,72;3,93;4,76;7,6;1,91;12,55;6,63;1,05;4,71;2,88;4,45
mmu-miR-24-3p;13074,69;13494,56;13191,45;13987,04;12523,26;13338,07;14412,01;14650;10495,37;13388,23;12385,58;13218,82
mmu-miR-7659-5p;6,5;4,82;4,91;2,86;6,51;6,68;6,97;1,11;8,41;4,71;2,88;6,23
mmu-miR-3057-5p;22,4;41,49;45,21;35,22;43,43;49,59;22,31;44,23;36,77;45,18;30,67;46,25
mmu-miR-191-5p;51623,87;49586,85;55121,44;48500,65;52394,68;52873,51;50831,71;54201,34;49842,74;51530,21;47263,39;53854,5
mmu-miR-574-5p;26,01;15,44;18,67;11,42;14,11;14,31;22,31;24,33;19,96;14,12;10,54;16,01
mmu-miR-299a-3p;390,9;476,68;350,84;521,56;434,27;535,05;391,77;339,46;319,41;610,87;534,75;591,44
mmu-miR-3535;152,46;236,41;178,86;274,11;206,28;180,26;191,01;160,33;196,48;212,72;200,29;234,8
mmu-miR-346-5p;4181,44;3058,83;3800,29;2207,13;3378,62;3553,64;3461,84;3761,74;3836,08;2990,33;3247,81;3337,84
mmu-miR-9-3p;59389,2;70852;60217,98;67689,04;58287,73;62947,87;68419,74;59472,42;55507,03;65285,53;63862,79;62643,34
mmu-miR-1194;18,06;15,44;13,76;24,75;16,29;24,8;22,31;22,11;18,91;22,59;18,21;14,23
mmu-miR-667-5p;129,34;142,81;168,05;116,11;153,08;153,55;150,58;107,26;155,5;154,36;156,21;120,96
mmu-miR-7021-5p;5,78;8,68;10,81;4,76;1,09;5,72;2,79;4,42;7,35;6,59;8,63;8,89
mmu-miR-134-5p;2494,99;2693,12;2294,72;2567,84;2256,03;2367,19;2583,48;1846,59;2443,91;2708,9;2883,64;2436,01
mmu-miR-673-5p;708,11;464,13;713,48;459,7;625,35;541,73;634,37;734,21;602,05;508,27;529,96;581,65
mmu-miR-190b-5p;18,79;23,16;18,67;19,99;19,54;20,98;9,76;7,74;18,91;35,77;23,96;28,46
mmu-miR-700-3p;665,48;719,84;760,65;496,82;808,83;813,54;482,4;688,88;807,98;832,06;710,13;837,79
mmu-miR-7080-5p;28,9;29,91;42,26;18,08;21,71;18,12;26,49;18,8;36,77;19,77;19,17;32,02
mmu-miR-495-5p;10,12;2,89;5,9;4,76;4,34;6,68;8,37;3,32;4,2;8,47;3,83;5,34
mmu-miR-127-5p;13800,13;12597,18;12600,81;13070,5;12975,99;13665,2;13629,85;11508,58;11539,75;14391,6;14521,72;14000,59
mmu-miR-152-5p;37,57;34,74;50,12;52,35;38;43,87;37,64;37,6;39,93;42,36;58,46;45,36
mmu-miR-341-5p;9,39;11,58;12,78;16,18;4,34;11,44;4,18;13,27;12,61;10,35;20,13;8
mmu-miR-6940-3p;14,45;8,68;6,88;6,66;6,51;9,54;18,12;9,95;1,05;9,41;4,79;8
mmu-miR-7235-3p;16,62;18,33;15,72;17,13;11,94;14,31;22,31;14,37;17,86;15,06;14,38;15,12
mmu-miR-669o-5p;12,28;11,58;10,81;13,32;10,86;10,49;11,15;14,37;9,46;8,47;16,29;12,45
mmu-miR-3093-5p;65,75;41,49;43,24;39,02;42,34;57,22;39,04;53,08;53,59;41,41;69;41,8
mmu-miR-181b-1-3p;13,73;17,37;11,79;9,52;18,46;17,17;6,97;23,22;8,41;15,06;17,25;12,45
mmu-miR-3080-5p;2,17;5,79;10,81;4,76;5,43;6,68;5,58;5,53;6,3;6,59;4,79;8
mmu-miR-1961;7,95;8,68;4,91;7,61;7,6;9,54;5,58;8,85;12,61;8,47;8,63;4,45
mmu-miR-3470b;13,73;14,47;14,74;26,65;35,83;17,17;32,07;15,48;27,32;22,59;16,29;14,23
mmu-miR-216a-5p;21,68;54,04;32,43;31,41;36,91;34,33;22,31;6,63;57,79;34,83;54,63;23,12
mmu-miR-125b-5p;216760,87;245086,73;244162,16;185936,44;241941,63;241673,26;208985,96;237896,33;236097,93;209424,6;229880,73;238441,34
mmu-miR-449a-5p;25,29;25,09;15,72;52,35;34,74;47,69;16,73;15,48;11,56;58,36;33,54;75,6
mmu-miR-1a-3p;44,8;49,21;46,19;119,92;62,97;61,04;37,64;71,87;42,03;79,06;64,21;73,82
mmu-miR-155-5p;31,07;37,63;39,31;53,3;35,83;35,29;27,88;30,96;46,23;51,77;34,5;44,47
mmu-miR-151-5p;814,32;785,45;788,17;738,56;797,97;778,25;687,35;816,04;685,05;913,95;723,55;822,67
mmu-miR-135b-5p;963,89;1005,46;849,1;1329,61;824,03;848,83;1466,71;934,35;724,98;820,76;902,76;847,58
mmu-miR-7055-3p;7,95;4,82;6,88;3,81;10,86;4,77;5,58;7,74;3,15;6,59;6,71;7,12
mmu-miR-181c-3p;462,44;472,82;435,36;557,73;467,93;523,6;485,19;520,81;412,92;525,21;567,34;443,8
mmu-miR-345-3p;402,46;577,03;469,75;512,05;502,67;490,22;365,28;370,42;492,77;620,28;509,84;538,07
mmu-miR-690;53,47;205,53;33,41;295,05;157,42;85,84;117,11;203,46;257,42;109,18;113,08;76,49
mmu-miR-879-5p;580,94;530,71;490,39;495,87;505,92;485,45;540,96;427,92;377,2;535,57;575,96;587,88
mmu-miR-6966-3p;10,12;6,75;7,86;11,42;9,77;9,54;5,58;9,95;10,51;10,35;6,71;9,78
mmu-miR-191-3p;93,93;89,74;85,5;76,14;110,74;84,88;112,93;90,67;79,85;82,83;89,13;96,05
mmu-miR-19a-3p;77,31;104,21;60,93;87,56;73,83;84,88;55,77;76,3;58,84;99,77;93,92;90,72
mmu-miR-152-3p;2932,14;3268,22;3124,16;5730,54;3094,17;3363,85;3507,85;3459,87;2979,76;3866,62;3770,11;3524,6
mmu-miR-92b-3p;10846,32;7924,01;10511,49;5985,61;10892,58;9425,82;7566,41;10327,65;10188,56;9086,76;8837,81;10567,59
mmu-miR-3077-3p;23,84;23,16;24,57;13,32;15,2;20,03;18,12;14,37;22,06;27,3;12,46;22,23
mmu-miR-344b-3p;523,13;596,33;563,12;568,2;638,38;684,79;564,66;426,82;593,64;702,17;658,38;675,04
mmu-miR-2137;8,67;17,37;15,72;16,18;30,4;6,68;13,94;13,27;30,47;10,35;11,5;10,67
mmu-miR-669c-5p;94,66;113,86;117,93;109,45;81,43;80,11;119,9;75,19;125,03;98,83;94,88;96,05
mmu-miR-5108;13,01;8,68;3,93;6,66;9,77;0,95;5,58;13,27;15,76;3,76;1,92;0
mmu-miR-7689-3p;333,82;244,13;235,86;251,26;231,25;296,61;344,37;254,32;212,24;251,31;281,75;279,26
mmu-miR-186-3p;7,95;6,75;5,9;11,42;7,6;5,72;6,97;7,74;5,25;9,41;7,67;9,78
mmu-miR-653-5p;7,23;22,19;14,74;10,47;17,37;8,58;11,15;5,53;22,06;13,18;17,25;13,34
mmu-miR-126a-3p;39899,65;46416,08;45214,34;64741,45;45723,21;49681,33;53226,97;49925,43;41590,61;52696,41;51222,29;46776,83
mmu-miR-338-3p;58,53;53,07;64,86;32,36;56,46;63,9;27,88;81,83;50,43;83,77;37,38;56,03
mmu-miR-1955-5p;10,12;7,72;11,79;5,71;11,94;10,49;8,37;7,74;12,61;9,41;7,67;13,34
mmu-miR-188-5p;15,17;30,88;17,69;28,55;9,77;10,49;19,52;15,48;13,66;16;21,08;23,12
mmu-miR-3083-5p;112,72;133,16;114,98;152,28;120,51;145,92;103,17;82,93;129,24;145,89;166,75;135,19
mmu-miR-128-1-5p;244,95;197,81;234,88;234,13;184,56;182,16;269,08;270,91;181,77;184,48;207;188,55
mmu-miR-344-3p;8117,94;10234,06;8051,67;12686,94;11972,83;12221,24;9180,91;6546;10294,68;12951,5;11881,49;13528,33
mmu-miR-6986-5p;4,34;6,75;5,9;5,71;5,43;4,77;9,76;1,11;7,35;4,71;1,92;7,12
mmu-miR-3065-3p;67,2;80,09;71,74;42,83;70,57;65,81;27,88;69,66;80,9;82,83;62,29;64,04
mmu-miR-1298-3p;312,15;468,96;340,03;511,09;493,98;498,81;341,58;192,4;504,33;579,81;542,42;518,51
mmu-miR-3572-3p;15,9;10,61;8,84;12,37;10,86;9,54;12,55;9,95;6,3;7,53;13,42;16,9
mmu-miR-1195;98,99;58,86;76,65;65,67;95,54;44,83;76,68;88,46;129,24;48;39,29;49,81
mmu-miR-3059-3p;5,78;1,93;7,86;6,66;3,26;4,77;4,18;3,32;3,15;8,47;5,75;6,23
mmu-miR-30e-5p;71862;81446,94;67064,79;93141,91;71124,75;81967,38;76025,19;69280,37;66697,95;86107,7;84632,88;79982,65
mmu-miR-874-5p;13,01;8,68;7,86;9,52;3,26;6,68;13,94;9,95;5,25;4,71;8,63;7,12
mmu-miR-21a-3p;10,84;9,65;8,84;7,61;9,77;20,03;4,18;8,85;13,66;16,94;7,67;12,45
mmu-miR-669h-5p;13,73;21,23;14,74;14,28;10,86;19,07;8,37;7,74;22,06;15,06;22,04;15,12
mmu-miR-7019-3p;25,29;22,19;32,43;13,32;33,66;22,89;23,7;26,54;23,12;21,65;21,08;30,24
mmu-miR-701-5p;5,78;8,68;2,95;9,52;2,17;13,35;8,37;5,53;3,15;7,53;7,67;8,89
mmu-miR-106b-3p;808,54;696,68;818,63;791,86;877,23;847,88;759,85;896,76;651,43;813,23;769,55;913,39
mmu-miR-30d-3p;276,02;266,32;232,91;288,38;296,39;326,18;310,91;297,45;232,2;323,79;296,13;241,02
mmu-miR-541-3p;125;157,28;142,5;113,26;109,65;114,45;151,97;119,42;108,22;132,72;119,79;126,29
mmu-miR-1839-5p;7630,93;8673,77;7787,31;8313,61;6691,02;7835,94;8072,51;6863,35;7216,16;8406,24;8297,3;8306,79
mmu-miR-6933-5p;5,78;8,68;3,93;6,66;2,17;2,86;1,39;3,32;6,3;11,29;2,88;5,34
mmu-miR-3057-3p;7,23;7,72;7,86;3,81;11,94;4,77;8,37;7,74;11,56;8,47;2,88;3,56
mmu-miR-34c-3p;66,48;66,58;71,74;30,46;55,37;56,27;16,73;40,91;48,33;90,36;86,25;68,48
mmu-miR-3093-3p;40,46;40,53;50,12;43,78;44,51;58,18;46,01;50,86;44,13;33,88;56,54;43,58
mmu-miR-466g;10,84;9,65;14,74;5,71;8,69;10,49;12,55;7,74;6,3;16;12,46;4,45
mmu-miR-3087-3p;43,35;38,6;53,07;25,7;64,05;38,15;54,37;60,82;30,47;38,59;39,29;37,35
mmu-miR-6946-3p;42,63;28,95;36,36;25,7;27,14;29,57;34,86;37,6;28,37;28,24;30,67;34,69
mmu-miR-6418-3p;15,9;21,23;11,79;16,18;17,37;8,58;11,15;26,54;12,61;9,41;19,17;13,34
mmu-miR-1941-5p;10,12;5,79;12,78;5,71;7,6;12,4;8,37;13,27;5,25;9,41;9,58;8
mmu-miR-34b-3p;433,53;394,66;415,7;50,44;389,76;269,91;61,35;291,92;299,45;418,85;405,38;442,02
mmu-miR-8120;5,06;7,72;7,86;3,81;9,77;4,77;5,58;5,53;8,41;7,53;2,88;8,89
mmu-miR-6236;106,94;87,81;91,4;42,83;76;55,32;96,2;102,83;105,07;51,77;51,75;59,59
mmu-miR-677-5p;28,18;38,6;45,21;59,01;42,34;36,24;37,64;23,22;34,67;54,59;55,58;43,58
mmu-miR-490-3p;1123,58;1069,14;1083,97;1021,24;1032,48;1110,15;966,19;1047,14;1092,72;1109,73;1214,22;992,55
mmu-miR-3069-3p;18,79;9,65;6,88;13,32;5,43;9,54;5,58;15,48;10,51;12,24;12,46;8,89
mmu-miR-3082-3p;35,41;35,7;35,38;28,55;33,66;43,87;41,83;34,28;34,67;37,65;34,5;32,02
mmu-miR-202-5p;5,06;7,72;9,83;3,81;8,69;1,91;5,58;0;5,25;9,41;4,79;10,67
mmu-miR-328-3p;63086,53;42971,28;71029,21;38543,35;64187,29;58440,49;64478,29;74435,35;59186,55;42348,39;46515,88;52598,7
mmu-miR-7075-3p;33,96;27,98;27,52;33,31;39,08;25,75;36,25;30,96;22,06;33,88;32,58;32,91
mmu-miR-7056-5p;7,23;8,68;2,95;2,86;8,69;5,72;8,37;5,53;6,3;3,76;4,79;8
mmu-miR-5615-5p;6,5;7,72;2,95;10,47;8,69;4,77;6,97;6,63;3,15;12,24;7,67;4,45
mmu-miR-669e-5p;5,06;9,65;4,91;11,42;6,51;6,68;8,37;4,42;12,61;5,65;8,63;4,45
mmu-miR-376c-5p;7,23;0,96;12,78;9,52;2,17;3,81;11,15;3,32;3,15;3,76;4,79;10,67
mmu-miR-187-5p;84,54;61,76;64,86;136,1;225,82;173,58;43,22;40,91;75,65;193,9;136,08;256,14
mmu-miR-341-3p;12724,24;12514,19;12026,89;14031,77;12062,94;12919,38;13723,27;10860,61;11061,69;14164,76;13880,59;12572,25
mmu-miR-26b-5p;10589,81;14508,7;12725,62;12991,5;12556,92;13233,16;9677,25;13699,06;12314,11;14656,09;12586,83;13668,85